Clust,Lon,Lat,Gain
1,124,-16,0.005211432
1,124,-14,0.005211432
1,124,-12,0.005211432
1,124,-10,0.005211432
1,124,-8,0.005211432
1,124,-6,0.005211432
1,124,-4,0.005211432
1,124,-2,0.005211432
2,124,0,0.004760013
2,124,2,0.004760013
2,124,4,0.004760013
2,124,6,0.004760013
2,124,8,0.004760013
2,124,10,0.004760013
2,124,12,0.004760013
2,124,14,0.004760013
2,124,16,0.004760013
3,124,18,0.003348898
3,124,20,0.003348898
3,124,22,0.003348898
3,124,24,0.003348898
3,124,26,0.003348898
3,124,28,0.003348898
4,124,30,0.00349705
4,124,32,0.00349705
4,124,34,0.00349705
4,124,36,0.00349705
4,124,38,0.00349705
4,124,40,0.00349705
1,126,-14,0.005211432
1,126,-12,0.005211432
1,126,-10,0.005211432
1,126,-8,0.005211432
1,126,-6,0.005211432
1,126,-4,0.005211432
1,126,-2,0.005211432
2,126,0,0.004760013
2,126,2,0.004760013
2,126,4,0.004760013
2,126,6,0.004760013
2,126,10,0.004760013
2,126,12,0.004760013
2,126,14,0.004760013
2,126,16,0.004760013
3,126,18,0.003348898
3,126,20,0.003348898
3,126,22,0.003348898
3,126,24,0.003348898
3,126,26,0.003348898
3,126,28,0.003348898
5,126,30,0.003994014
5,126,32,0.003994014
4,126,34,0.00349705
4,126,36,0.00349705
4,126,38,0.00349705
4,126,40,0.00349705
1,128,-12,0.005211432
1,128,-10,0.005211432
1,128,-8,0.005211432
1,128,-6,0.005211432
1,128,-4,0.005211432
1,128,-2,0.005211432
2,128,0,0.004760013
2,128,2,0.004760013
2,128,4,0.004760013
2,128,6,0.004760013
2,128,8,0.004760013
2,128,10,0.004760013
2,128,12,0.004760013
2,128,14,0.004760013
2,128,16,0.004760013
3,128,18,0.003348898
3,128,20,0.003348898
3,128,22,0.003348898
3,128,24,0.003348898
3,128,26,0.003348898
3,128,28,0.003348898
5,128,30,0.003994014
5,128,32,0.003994014
5,128,34,0.003994014
1,130,-14,0.005211432
1,130,-12,0.005211432
1,130,-10,0.005211432
1,130,-8,0.005211432
1,130,-6,0.005211432
1,130,-4,0.005211432
1,130,-2,0.005211432
2,130,0,0.004760013
2,130,2,0.004760013
2,130,4,0.004760013
2,130,6,0.004760013
2,130,8,0.004760013
2,130,10,0.004760013
2,130,12,0.004760013
2,130,14,0.004760013
2,130,16,0.004760013
3,130,18,0.003348898
3,130,20,0.003348898
3,130,22,0.003348898
3,130,24,0.003348898
3,130,26,0.003348898
3,130,28,0.003348898
5,130,30,0.003994014
5,130,32,0.003994014
5,130,34,0.003994014
5,130,36,0.003994014
6,130,38,0.003328186
6,130,40,0.003328186
4,130,42,0.00349705
1,132,-12,0.005211432
1,132,-10,0.005211432
1,132,-8,0.005211432
1,132,-6,0.005211432
1,132,-4,0.005211432
1,132,-2,0.005211432
2,132,0,0.004760013
2,132,2,0.004760013
2,132,4,0.004760013
2,132,6,0.004760013
2,132,8,0.004760013
2,132,10,0.004760013
2,132,12,0.004760013
2,132,14,0.004760013
2,132,16,0.004760013
3,132,18,0.003348898
3,132,20,0.003348898
3,132,22,0.003348898
3,132,24,0.003348898
3,132,26,0.003348898
3,132,28,0.003348898
5,132,30,0.003994014
5,132,32,0.003994014
5,132,34,0.003994014
5,132,36,0.003994014
6,132,38,0.003328186
6,132,40,0.003328186
6,132,42,0.003328186
1,134,-10,0.005211432
1,134,-8,0.005211432
1,134,-6,0.005211432
1,134,-4,0.005211432
2,134,-2,0.004760013
2,134,0,0.004760013
2,134,2,0.004760013
2,134,4,0.004760013
2,134,6,0.004760013
2,134,8,0.004760013
2,134,10,0.004760013
2,134,12,0.004760013
2,134,14,0.004760013
2,134,16,0.004760013
3,134,18,0.003348898
3,134,20,0.003348898
3,134,22,0.003348898
3,134,24,0.003348898
3,134,26,0.003348898
3,134,28,0.003348898
5,134,30,0.003994014
5,134,32,0.003994014
5,134,34,0.003994014
5,134,36,0.003994014
6,134,38,0.003328186
6,134,40,0.003328186
6,134,42,0.003328186
1,136,-10,0.005211432
1,136,-8,0.005211432
1,136,-6,0.005211432
1,136,-4,0.005211432
2,136,-2,0.004760013
2,136,0,0.004760013
2,136,2,0.004760013
2,136,4,0.004760013
2,136,6,0.004760013
2,136,8,0.004760013
2,136,10,0.004760013
2,136,12,0.004760013
2,136,14,0.004760013
2,136,16,0.004760013
2,136,18,0.004760013
3,136,20,0.003348898
3,136,22,0.003348898
3,136,24,0.003348898
3,136,26,0.003348898
7,136,28,0.007211445
5,136,30,0.003994014
5,136,32,0.003994014
5,136,34,0.003994014
5,136,36,0.003994014
6,136,38,0.003328186
6,136,40,0.003328186
6,136,42,0.003328186
8,136,44,0.00799912
1,138,-14,0.005211432
1,138,-12,0.005211432
1,138,-10,0.005211432
1,138,-8,0.005211432
1,138,-6,0.005211432
2,138,0,0.004760013
2,138,2,0.004760013
2,138,4,0.004760013
2,138,6,0.004760013
2,138,8,0.004760013
2,138,10,0.004760013
2,138,12,0.004760013
2,138,14,0.004760013
2,138,16,0.004760013
2,138,18,0.004760013
3,138,20,0.003348898
3,138,22,0.003348898
3,138,24,0.003348898
7,138,26,0.007211445
7,138,28,0.007211445
7,138,30,0.007211445
5,138,32,0.003994014
5,138,34,0.003994014
6,138,38,0.003328186
6,138,40,0.003328186
6,138,42,0.003328186
8,138,44,0.00799912
8,138,46,0.00799912
9,138,54,0.00497555
9,138,56,0.00497555
1,140,-16,0.005211432
1,140,-14,0.005211432
1,140,-12,0.005211432
1,140,-10,0.005211432
1,140,-8,0.005211432
2,140,-2,0.004760013
2,140,0,0.004760013
2,140,2,0.004760013
2,140,4,0.004760013
2,140,6,0.004760013
2,140,8,0.004760013
2,140,10,0.004760013
2,140,12,0.004760013
2,140,14,0.004760013
2,140,16,0.004760013
2,140,18,0.004760013
3,140,20,0.003348898
3,140,22,0.003348898
3,140,24,0.003348898
7,140,26,0.007211445
7,140,28,0.007211445
7,140,30,0.007211445
5,140,32,0.003994014
5,140,34,0.003994014
5,140,36,0.003994014
6,140,40,0.003328186
6,140,42,0.003328186
8,140,44,0.00799912
8,140,46,0.00799912
8,140,48,0.00799912
9,140,54,0.00497555
9,140,56,0.00497555
9,140,58,0.00497555
1,142,-16,0.005211432
1,142,-14,0.005211432
1,142,-12,0.005211432
1,142,-10,0.005211432
2,142,-2,0.004760013
2,142,0,0.004760013
2,142,2,0.004760013
2,142,4,0.004760013
2,142,6,0.004760013
2,142,8,0.004760013
10,142,10,0.003221175
10,142,12,0.003221175
10,142,14,0.003221175
2,142,16,0.004760013
2,142,18,0.004760013
11,142,20,0.00411749
3,142,22,0.003348898
3,142,24,0.003348898
7,142,26,0.007211445
7,142,28,0.007211445
7,142,30,0.007211445
7,142,32,0.007211445
5,142,34,0.003994014
12,142,36,0.00361628
12,142,38,0.00361628
6,142,42,0.003328186
8,142,44,0.00799912
8,142,46,0.00799912
8,142,48,0.00799912
9,142,50,0.00497555
9,142,52,0.00497555
9,142,54,0.00497555
9,142,56,0.00497555
9,142,58,0.00497555
1,144,-12,0.005211432
1,144,-10,0.005211432
1,144,-8,0.005211432
13,144,-2,0.004199444
10,144,0,0.003221175
2,144,2,0.004760013
2,144,4,0.004760013
10,144,6,0.003221175
10,144,8,0.003221175
10,144,10,0.003221175
10,144,12,0.003221175
10,144,14,0.003221175
10,144,16,0.003221175
2,144,18,0.004760013
11,144,20,0.00411749
3,144,22,0.003348898
7,144,24,0.007211445
7,144,26,0.007211445
7,144,28,0.007211445
7,144,30,0.007211445
7,144,32,0.007211445
5,144,34,0.003994014
12,144,36,0.00361628
12,144,38,0.00361628
12,144,40,0.00361628
6,144,42,0.003328186
8,144,46,0.00799912
8,144,48,0.00799912
9,144,50,0.00497555
9,144,52,0.00497555
9,144,54,0.00497555
9,144,56,0.00497555
9,144,58,0.00497555
9,144,60,0.00497555
1,146,-16,0.005211432
1,146,-14,0.005211432
1,146,-12,0.005211432
1,146,-10,0.005211432
1,146,-8,0.005211432
13,146,-4,0.004199444
13,146,-2,0.004199444
10,146,0,0.003221175
10,146,2,0.003221175
10,146,4,0.003221175
10,146,6,0.003221175
10,146,8,0.003221175
10,146,10,0.003221175
10,146,12,0.003221175
10,146,14,0.003221175
10,146,16,0.003221175
11,146,18,0.00411749
11,146,20,0.00411749
11,146,22,0.00411749
7,146,24,0.007211445
7,146,26,0.007211445
7,146,28,0.007211445
7,146,30,0.007211445
7,146,32,0.007211445
14,146,34,0.004152919
12,146,36,0.00361628
12,146,38,0.00361628
12,146,40,0.00361628
12,146,42,0.00361628
8,146,44,0.00799912
8,146,46,0.00799912
8,146,48,0.00799912
9,146,50,0.00497555
9,146,52,0.00497555
9,146,54,0.00497555
9,146,56,0.00497555
9,146,58,0.00497555
15,146,60,0.00324627
16,148,-18,0.003276719
16,148,-16,0.003276719
1,148,-14,0.005211432
1,148,-12,0.005211432
1,148,-10,0.005211432
13,148,-6,0.004199444
13,148,-4,0.004199444
13,148,-2,0.004199444
13,148,0,0.004199444
10,148,2,0.003221175
10,148,4,0.003221175
10,148,6,0.003221175
10,148,8,0.003221175
10,148,10,0.003221175
10,148,12,0.003221175
10,148,14,0.003221175
10,148,16,0.003221175
11,148,18,0.00411749
11,148,20,0.00411749
11,148,22,0.00411749
11,148,24,0.00411749
7,148,26,0.007211445
7,148,28,0.007211445
7,148,30,0.007211445
7,148,32,0.007211445
14,148,34,0.004152919
12,148,36,0.00361628
12,148,38,0.00361628
12,148,40,0.00361628
12,148,42,0.00361628
8,148,44,0.00799912
8,148,46,0.00799912
8,148,48,0.00799912
15,148,50,0.00324627
9,148,52,0.00497555
9,148,54,0.00497555
9,148,56,0.00497555
9,148,58,0.00497555
15,148,60,0.00324627
16,150,-22,0.003276719
16,150,-20,0.003276719
16,150,-18,0.003276719
16,150,-16,0.003276719
16,150,-14,0.003276719
13,150,-12,0.004199444
13,150,-10,0.004199444
13,150,-8,0.004199444
13,150,-6,0.004199444
13,150,-4,0.004199444
13,150,-2,0.004199444
13,150,0,0.004199444
10,150,2,0.003221175
10,150,4,0.003221175
10,150,6,0.003221175
10,150,8,0.003221175
10,150,10,0.003221175
10,150,12,0.003221175
10,150,14,0.003221175
10,150,16,0.003221175
11,150,18,0.00411749
11,150,20,0.00411749
11,150,22,0.00411749
11,150,24,0.00411749
7,150,26,0.007211445
7,150,28,0.007211445
7,150,30,0.007211445
14,150,32,0.004152919
14,150,34,0.004152919
12,150,36,0.00361628
12,150,38,0.00361628
12,150,40,0.00361628
12,150,42,0.00361628
17,150,44,0.003851835
17,150,46,0.003851835
15,150,48,0.00324627
15,150,50,0.00324627
15,150,52,0.00324627
15,150,54,0.00324627
15,150,56,0.00324627
9,150,58,0.00497555
9,150,60,0.00497555
16,152,-22,0.003276719
16,152,-20,0.003276719
16,152,-18,0.003276719
16,152,-16,0.003276719
13,152,-14,0.004199444
13,152,-12,0.004199444
13,152,-10,0.004199444
13,152,-8,0.004199444
13,152,-6,0.004199444
13,152,-4,0.004199444
13,152,-2,0.004199444
13,152,0,0.004199444
10,152,2,0.003221175
10,152,4,0.003221175
10,152,6,0.003221175
10,152,8,0.003221175
10,152,10,0.003221175
10,152,12,0.003221175
10,152,14,0.003221175
10,152,16,0.003221175
11,152,18,0.00411749
11,152,20,0.00411749
11,152,22,0.00411749
11,152,24,0.00411749
11,152,26,0.00411749
7,152,28,0.007211445
7,152,30,0.007211445
14,152,32,0.004152919
14,152,34,0.004152919
12,152,36,0.00361628
12,152,38,0.00361628
12,152,40,0.00361628
12,152,42,0.00361628
17,152,44,0.003851835
17,152,46,0.003851835
15,152,48,0.00324627
15,152,50,0.00324627
15,152,52,0.00324627
15,152,54,0.00324627
15,152,56,0.00324627
15,152,58,0.00324627
9,152,60,0.00497555
16,154,-30,0.003276719
16,154,-28,0.003276719
16,154,-26,0.003276719
16,154,-24,0.003276719
16,154,-22,0.003276719
16,154,-20,0.003276719
16,154,-18,0.003276719
16,154,-16,0.003276719
13,154,-14,0.004199444
13,154,-12,0.004199444
13,154,-10,0.004199444
13,154,-8,0.004199444
13,154,-6,0.004199444
13,154,-4,0.004199444
13,154,-2,0.004199444
18,154,0,0.002907331
10,154,2,0.003221175
10,154,4,0.003221175
10,154,6,0.003221175
10,154,8,0.003221175
10,154,10,0.003221175
10,154,12,0.003221175
10,154,14,0.003221175
10,154,16,0.003221175
11,154,18,0.00411749
11,154,20,0.00411749
11,154,22,0.00411749
11,154,24,0.00411749
11,154,26,0.00411749
14,154,28,0.004152919
14,154,30,0.004152919
14,154,32,0.004152919
14,154,34,0.004152919
14,154,36,0.004152919
12,154,38,0.00361628
12,154,40,0.00361628
12,154,42,0.00361628
17,154,44,0.003851835
17,154,46,0.003851835
15,154,48,0.00324627
15,154,50,0.00324627
15,154,52,0.00324627
15,154,54,0.00324627
15,154,56,0.00324627
15,154,58,0.00324627
16,156,-30,0.003276719
16,156,-28,0.003276719
16,156,-26,0.003276719
16,156,-24,0.003276719
16,156,-22,0.003276719
16,156,-20,0.003276719
16,156,-18,0.003276719
13,156,-16,0.004199444
13,156,-14,0.004199444
13,156,-12,0.004199444
13,156,-10,0.004199444
13,156,-8,0.004199444
13,156,-6,0.004199444
13,156,-4,0.004199444
18,156,-2,0.002907331
18,156,0,0.002907331
18,156,2,0.002907331
10,156,4,0.003221175
10,156,6,0.003221175
10,156,8,0.003221175
10,156,10,0.003221175
10,156,12,0.003221175
10,156,14,0.003221175
10,156,16,0.003221175
19,156,18,0.004319592
11,156,20,0.00411749
11,156,22,0.00411749
11,156,24,0.00411749
11,156,26,0.00411749
11,156,28,0.00411749
14,156,30,0.004152919
14,156,32,0.004152919
14,156,34,0.004152919
14,156,36,0.004152919
20,156,38,0.005707787
20,156,40,0.005707787
17,156,42,0.003851835
17,156,44,0.003851835
17,156,46,0.003851835
15,156,48,0.00324627
15,156,50,0.00324627
15,156,52,0.00324627
15,156,54,0.00324627
15,156,56,0.00324627
15,156,58,0.00324627
15,156,60,0.00324627
16,158,-30,0.003276719
16,158,-28,0.003276719
16,158,-26,0.003276719
16,158,-24,0.003276719
16,158,-22,0.003276719
16,158,-20,0.003276719
16,158,-18,0.003276719
13,158,-16,0.004199444
13,158,-14,0.004199444
13,158,-12,0.004199444
13,158,-10,0.004199444
13,158,-8,0.004199444
13,158,-6,0.004199444
18,158,-4,0.002907331
18,158,-2,0.002907331
18,158,0,0.002907331
18,158,2,0.002907331
18,158,4,0.002907331
10,158,6,0.003221175
10,158,8,0.003221175
10,158,10,0.003221175
10,158,12,0.003221175
10,158,14,0.003221175
19,158,16,0.004319592
19,158,18,0.004319592
11,158,20,0.00411749
11,158,22,0.00411749
11,158,24,0.00411749
11,158,26,0.00411749
11,158,28,0.00411749
14,158,30,0.004152919
14,158,32,0.004152919
14,158,34,0.004152919
14,158,36,0.004152919
20,158,38,0.005707787
20,158,40,0.005707787
20,158,42,0.005707787
17,158,44,0.003851835
17,158,46,0.003851835
15,158,48,0.00324627
15,158,50,0.00324627
15,158,52,0.00324627
21,158,60,0.004644596
16,160,-30,0.003276719
16,160,-28,0.003276719
16,160,-26,0.003276719
16,160,-24,0.003276719
16,160,-22,0.003276719
16,160,-20,0.003276719
16,160,-18,0.003276719
13,160,-16,0.004199444
13,160,-14,0.004199444
13,160,-12,0.004199444
13,160,-10,0.004199444
13,160,-8,0.004199444
13,160,-6,0.004199444
18,160,-4,0.002907331
18,160,-2,0.002907331
18,160,0,0.002907331
18,160,2,0.002907331
18,160,4,0.002907331
10,160,6,0.003221175
10,160,8,0.003221175
10,160,10,0.003221175
10,160,12,0.003221175
10,160,14,0.003221175
19,160,16,0.004319592
19,160,18,0.004319592
11,160,20,0.00411749
11,160,22,0.00411749
11,160,24,0.00411749
11,160,26,0.00411749
11,160,28,0.00411749
14,160,30,0.004152919
14,160,32,0.004152919
14,160,34,0.004152919
20,160,36,0.005707787
20,160,38,0.005707787
20,160,40,0.005707787
20,160,42,0.005707787
17,160,44,0.003851835
17,160,46,0.003851835
17,160,48,0.003851835
15,160,50,0.00324627
15,160,52,0.00324627
15,160,54,0.00324627
21,160,60,0.004644596
16,162,-30,0.003276719
16,162,-28,0.003276719
16,162,-26,0.003276719
16,162,-24,0.003276719
16,162,-22,0.003276719
16,162,-20,0.003276719
13,162,-18,0.004199444
13,162,-16,0.004199444
13,162,-14,0.004199444
13,162,-12,0.004199444
13,162,-10,0.004199444
13,162,-8,0.004199444
18,162,-6,0.002907331
18,162,-4,0.002907331
18,162,-2,0.002907331
22,162,0,0.003578606
18,162,2,0.002907331
18,162,4,0.002907331
18,162,6,0.002907331
10,162,8,0.003221175
10,162,10,0.003221175
10,162,12,0.003221175
10,162,14,0.003221175
19,162,16,0.004319592
19,162,18,0.004319592
11,162,20,0.00411749
11,162,22,0.00411749
11,162,24,0.00411749
11,162,26,0.00411749
11,162,28,0.00411749
14,162,30,0.004152919
14,162,32,0.004152919
14,162,34,0.004152919
20,162,36,0.005707787
20,162,38,0.005707787
20,162,40,0.005707787
20,162,42,0.005707787
17,162,44,0.003851835
17,162,46,0.003851835
17,162,48,0.003851835
15,162,50,0.00324627
15,162,52,0.00324627
15,162,54,0.00324627
15,162,56,0.00324627
16,164,-30,0.003276719
16,164,-28,0.003276719
16,164,-26,0.003276719
16,164,-24,0.003276719
16,164,-22,0.003276719
16,164,-20,0.003276719
13,164,-18,0.004199444
13,164,-16,0.004199444
13,164,-14,0.004199444
13,164,-12,0.004199444
13,164,-10,0.004199444
18,164,-8,0.002907331
18,164,-6,0.002907331
18,164,-4,0.002907331
22,164,-2,0.003578606
22,164,0,0.003578606
22,164,2,0.003578606
18,164,4,0.002907331
18,164,6,0.002907331
10,164,8,0.003221175
10,164,10,0.003221175
10,164,12,0.003221175
10,164,14,0.003221175
19,164,16,0.004319592
19,164,18,0.004319592
19,164,20,0.004319592
11,164,22,0.00411749
11,164,24,0.00411749
11,164,26,0.00411749
11,164,28,0.00411749
14,164,30,0.004152919
14,164,32,0.004152919
14,164,34,0.004152919
20,164,36,0.005707787
20,164,38,0.005707787
20,164,40,0.005707787
20,164,42,0.005707787
17,164,44,0.003851835
17,164,46,0.003851835
17,164,48,0.003851835
15,164,50,0.00324627
15,164,52,0.00324627
15,164,54,0.00324627
21,164,56,0.004644596
21,164,58,0.004644596
21,164,60,0.004644596
16,166,-30,0.003276719
16,166,-28,0.003276719
16,166,-26,0.003276719
16,166,-24,0.003276719
23,166,-22,0.005118291
23,166,-20,0.005118291
23,166,-18,0.005118291
13,166,-16,0.004199444
13,166,-14,0.004199444
13,166,-12,0.004199444
13,166,-10,0.004199444
18,166,-8,0.002907331
18,166,-6,0.002907331
18,166,-4,0.002907331
22,166,-2,0.003578606
22,166,0,0.003578606
22,166,2,0.003578606
18,166,4,0.002907331
18,166,6,0.002907331
10,166,8,0.003221175
10,166,10,0.003221175
10,166,12,0.003221175
10,166,14,0.003221175
19,166,16,0.004319592
19,166,18,0.004319592
19,166,20,0.004319592
11,166,22,0.00411749
11,166,24,0.00411749
11,166,26,0.00411749
11,166,28,0.00411749
24,166,30,0.002849329
14,166,32,0.004152919
14,166,34,0.004152919
20,166,36,0.005707787
20,166,38,0.005707787
20,166,40,0.005707787
20,166,42,0.005707787
17,166,44,0.003851835
17,166,46,0.003851835
17,166,48,0.003851835
17,166,50,0.003851835
15,166,52,0.00324627
15,166,54,0.00324627
21,166,56,0.004644596
21,166,58,0.004644596
21,166,60,0.004644596
16,168,-30,0.003276719
16,168,-28,0.003276719
16,168,-26,0.003276719
23,168,-24,0.005118291
23,168,-22,0.005118291
23,168,-20,0.005118291
23,168,-18,0.005118291
13,168,-16,0.004199444
13,168,-14,0.004199444
13,168,-12,0.004199444
18,168,-10,0.002907331
18,168,-8,0.002907331
18,168,-6,0.002907331
22,168,-4,0.003578606
22,168,-2,0.003578606
22,168,0,0.003578606
22,168,2,0.003578606
22,168,4,0.003578606
18,168,6,0.002907331
18,168,8,0.002907331
25,168,10,0.004583879
25,168,12,0.004583879
10,168,14,0.003221175
19,168,16,0.004319592
19,168,18,0.004319592
19,168,20,0.004319592
19,168,22,0.004319592
11,168,24,0.00411749
11,168,26,0.00411749
11,168,28,0.00411749
24,168,30,0.002849329
24,168,32,0.002849329
14,168,34,0.004152919
20,168,36,0.005707787
20,168,38,0.005707787
20,168,40,0.005707787
20,168,42,0.005707787
17,168,44,0.003851835
17,168,46,0.003851835
17,168,48,0.003851835
26,168,50,0.006305555
26,168,52,0.006305555
21,168,54,0.004644596
21,168,56,0.004644596
21,168,58,0.004644596
21,168,60,0.004644596
16,170,-30,0.003276719
16,170,-28,0.003276719
23,170,-26,0.005118291
23,170,-24,0.005118291
23,170,-22,0.005118291
23,170,-20,0.005118291
23,170,-18,0.005118291
13,170,-16,0.004199444
13,170,-14,0.004199444
13,170,-12,0.004199444
18,170,-10,0.002907331
18,170,-8,0.002907331
18,170,-6,0.002907331
22,170,-4,0.003578606
22,170,-2,0.003578606
22,170,0,0.003578606
22,170,2,0.003578606
22,170,4,0.003578606
18,170,6,0.002907331
18,170,8,0.002907331
25,170,10,0.004583879
25,170,12,0.004583879
25,170,14,0.004583879
19,170,16,0.004319592
19,170,18,0.004319592
19,170,20,0.004319592
19,170,22,0.004319592
11,170,24,0.00411749
11,170,26,0.00411749
11,170,28,0.00411749
24,170,30,0.002849329
24,170,32,0.002849329
24,170,34,0.002849329
20,170,36,0.005707787
20,170,38,0.005707787
20,170,40,0.005707787
20,170,42,0.005707787
17,170,44,0.003851835
17,170,46,0.003851835
17,170,48,0.003851835
26,170,50,0.006305555
26,170,52,0.006305555
21,170,54,0.004644596
21,170,56,0.004644596
21,170,58,0.004644596
21,170,60,0.004644596
16,172,-30,0.003276719
23,172,-28,0.005118291
23,172,-26,0.005118291
23,172,-24,0.005118291
23,172,-22,0.005118291
23,172,-20,0.005118291
23,172,-18,0.005118291
13,172,-16,0.004199444
13,172,-14,0.004199444
18,172,-12,0.002907331
18,172,-10,0.002907331
18,172,-8,0.002907331
18,172,-6,0.002907331
22,172,-4,0.003578606
22,172,-2,0.003578606
22,172,0,0.003578606
22,172,2,0.003578606
22,172,4,0.003578606
18,172,6,0.002907331
18,172,8,0.002907331
25,172,10,0.004583879
25,172,12,0.004583879
25,172,14,0.004583879
19,172,16,0.004319592
19,172,18,0.004319592
19,172,20,0.004319592
19,172,22,0.004319592
19,172,24,0.004319592
11,172,26,0.00411749
11,172,28,0.00411749
24,172,30,0.002849329
24,172,32,0.002849329
24,172,34,0.002849329
24,172,36,0.002849329
20,172,38,0.005707787
27,172,40,0.002822986
27,172,42,0.002822986
28,172,44,0.002764644
17,172,46,0.003851835
17,172,48,0.003851835
26,172,50,0.006305555
26,172,52,0.006305555
26,172,54,0.006305555
21,172,56,0.004644596
21,172,58,0.004644596
21,172,60,0.004644596
23,174,-30,0.005118291
23,174,-28,0.005118291
23,174,-26,0.005118291
23,174,-24,0.005118291
23,174,-22,0.005118291
23,174,-20,0.005118291
23,174,-18,0.005118291
13,174,-16,0.004199444
10,174,-14,0.003221175
18,174,-12,0.002907331
18,174,-10,0.002907331
18,174,-8,0.002907331
22,174,-6,0.003578606
22,174,-4,0.003578606
22,174,-2,0.003578606
22,174,0,0.003578606
22,174,2,0.003578606
22,174,4,0.003578606
22,174,6,0.003578606
18,174,8,0.002907331
25,174,10,0.004583879
25,174,12,0.004583879
25,174,14,0.004583879
19,174,16,0.004319592
19,174,18,0.004319592
19,174,20,0.004319592
19,174,22,0.004319592
19,174,24,0.004319592
11,174,26,0.00411749
11,174,28,0.00411749
24,174,30,0.002849329
24,174,32,0.002849329
24,174,34,0.002849329
24,174,36,0.002849329
27,174,38,0.002822986
27,174,40,0.002822986
27,174,42,0.002822986
28,174,44,0.002764644
28,174,46,0.002764644
26,174,48,0.006305555
26,174,50,0.006305555
26,174,52,0.006305555
26,174,54,0.006305555
21,174,56,0.004644596
21,174,58,0.004644596
21,174,60,0.004644596
23,176,-30,0.005118291
23,176,-28,0.005118291
23,176,-26,0.005118291
23,176,-24,0.005118291
23,176,-22,0.005118291
23,176,-20,0.005118291
23,176,-18,0.005118291
13,176,-16,0.004199444
10,176,-14,0.003221175
18,176,-12,0.002907331
18,176,-10,0.002907331
18,176,-8,0.002907331
22,176,-6,0.003578606
22,176,-4,0.003578606
22,176,-2,0.003578606
22,176,0,0.003578606
22,176,2,0.003578606
22,176,4,0.003578606
22,176,6,0.003578606
18,176,8,0.002907331
25,176,10,0.004583879
25,176,12,0.004583879
25,176,14,0.004583879
25,176,16,0.004583879
19,176,18,0.004319592
19,176,20,0.004319592
19,176,22,0.004319592
19,176,24,0.004319592
19,176,26,0.004319592
11,176,28,0.00411749
24,176,30,0.002849329
24,176,32,0.002849329
24,176,34,0.002849329
24,176,36,0.002849329
27,176,38,0.002822986
27,176,40,0.002822986
27,176,42,0.002822986
28,176,44,0.002764644
28,176,46,0.002764644
26,176,48,0.006305555
26,176,50,0.006305555
26,176,52,0.006305555
26,176,54,0.006305555
21,176,56,0.004644596
21,176,58,0.004644596
21,176,60,0.004644596
23,178,-30,0.005118291
23,178,-28,0.005118291
23,178,-26,0.005118291
23,178,-24,0.005118291
23,178,-22,0.005118291
23,178,-20,0.005118291
29,178,-18,0.003049921
29,178,-16,0.003049921
18,178,-14,0.002907331
18,178,-12,0.002907331
18,178,-10,0.002907331
18,178,-8,0.002907331
22,178,-6,0.003578606
22,178,-4,0.003578606
22,178,-2,0.003578606
22,178,0,0.003578606
22,178,2,0.003578606
22,178,4,0.003578606
22,178,6,0.003578606
30,178,8,0.003798772
25,178,10,0.004583879
25,178,12,0.004583879
25,178,14,0.004583879
25,178,16,0.004583879
19,178,18,0.004319592
19,178,20,0.004319592
19,178,22,0.004319592
19,178,24,0.004319592
19,178,26,0.004319592
11,178,28,0.00411749
24,178,30,0.002849329
24,178,32,0.002849329
24,178,34,0.002849329
24,178,36,0.002849329
27,178,38,0.002822986
27,178,40,0.002822986
27,178,42,0.002822986
28,178,44,0.002764644
28,178,46,0.002764644
28,178,48,0.002764644
26,178,50,0.006305555
26,178,52,0.006305555
26,178,54,0.006305555
21,178,56,0.004644596
21,178,58,0.004644596
21,178,60,0.004644596
23,180,-30,0.005118291
23,180,-28,0.005118291
23,180,-26,0.005118291
23,180,-24,0.005118291
23,180,-22,0.005118291
23,180,-20,0.005118291
29,180,-18,0.003049921
29,180,-16,0.003049921
18,180,-14,0.002907331
18,180,-12,0.002907331
18,180,-10,0.002907331
18,180,-8,0.002907331
22,180,-6,0.003578606
22,180,-4,0.003578606
22,180,-2,0.003578606
22,180,0,0.003578606
22,180,2,0.003578606
22,180,4,0.003578606
22,180,6,0.003578606
30,180,8,0.003798772
25,180,10,0.004583879
25,180,12,0.004583879
25,180,14,0.004583879
25,180,16,0.004583879
19,180,18,0.004319592
19,180,20,0.004319592
19,180,22,0.004319592
19,180,24,0.004319592
19,180,26,0.004319592
19,180,28,0.004319592
24,180,30,0.002849329
24,180,32,0.002849329
24,180,34,0.002849329
24,180,36,0.002849329
27,180,38,0.002822986
27,180,40,0.002822986
27,180,42,0.002822986
28,180,44,0.002764644
28,180,46,0.002764644
28,180,48,0.002764644
26,180,50,0.006305555
26,180,52,0.006305555
26,180,54,0.006305555
21,180,56,0.004644596
21,180,58,0.004644596
21,180,60,0.004644596
23,182,-30,0.005118291
23,182,-28,0.005118291
23,182,-26,0.005118291
23,182,-24,0.005118291
23,182,-22,0.005118291
29,182,-20,0.003049921
29,182,-18,0.003049921
29,182,-16,0.003049921
18,182,-14,0.002907331
18,182,-12,0.002907331
18,182,-10,0.002907331
18,182,-8,0.002907331
22,182,-6,0.003578606
22,182,-4,0.003578606
22,182,-2,0.003578606
22,182,0,0.003578606
22,182,2,0.003578606
22,182,4,0.003578606
22,182,6,0.003578606
30,182,8,0.003798772
30,182,10,0.003798772
25,182,12,0.004583879
25,182,14,0.004583879
25,182,16,0.004583879
25,182,18,0.004583879
19,182,20,0.004319592
19,182,22,0.004319592
19,182,24,0.004319592
19,182,26,0.004319592
19,182,28,0.004319592
24,182,30,0.002849329
24,182,32,0.002849329
24,182,34,0.002849329
31,182,36,0.003579126
27,182,38,0.002822986
27,182,40,0.002822986
27,182,42,0.002822986
28,182,44,0.002764644
28,182,46,0.002764644
28,182,48,0.002764644
26,182,50,0.006305555
26,182,52,0.006305555
26,182,54,0.006305555
26,182,56,0.006305555
21,182,58,0.004644596
21,182,60,0.004644596
23,184,-30,0.005118291
23,184,-28,0.005118291
23,184,-26,0.005118291
23,184,-24,0.005118291
32,184,-22,0.003836456
29,184,-20,0.003049921
29,184,-18,0.003049921
29,184,-16,0.003049921
18,184,-14,0.002907331
18,184,-12,0.002907331
18,184,-10,0.002907331
18,184,-8,0.002907331
22,184,-6,0.003578606
33,184,-4,0.002316626
33,184,-2,0.002316626
33,184,0,0.002316626
33,184,2,0.002316626
22,184,4,0.003578606
22,184,6,0.003578606
30,184,8,0.003798772
30,184,10,0.003798772
25,184,12,0.004583879
25,184,14,0.004583879
25,184,16,0.004583879
25,184,18,0.004583879
19,184,20,0.004319592
19,184,22,0.004319592
19,184,24,0.004319592
19,184,26,0.004319592
34,184,28,0.002759789
34,184,30,0.002759789
24,184,32,0.002849329
31,184,34,0.003579126
31,184,36,0.003579126
27,184,38,0.002822986
27,184,40,0.002822986
27,184,42,0.002822986
28,184,44,0.002764644
28,184,46,0.002764644
28,184,48,0.002764644
26,184,50,0.006305555
26,184,52,0.006305555
26,184,54,0.006305555
26,184,56,0.006305555
35,184,58,0.00349209
35,184,60,0.00349209
23,186,-30,0.005118291
23,186,-28,0.005118291
23,186,-26,0.005118291
32,186,-24,0.003836456
32,186,-22,0.003836456
29,186,-20,0.003049921
29,186,-18,0.003049921
29,186,-16,0.003049921
18,186,-14,0.002907331
18,186,-12,0.002907331
18,186,-10,0.002907331
18,186,-8,0.002907331
36,186,-6,0.004722976
33,186,-4,0.002316626
33,186,-2,0.002316626
37,186,0,0.007316421
33,186,2,0.002316626
22,186,4,0.003578606
22,186,6,0.003578606
30,186,8,0.003798772
30,186,10,0.003798772
25,186,12,0.004583879
25,186,14,0.004583879
25,186,16,0.004583879
25,186,18,0.004583879
19,186,20,0.004319592
19,186,22,0.004319592
19,186,24,0.004319592
19,186,26,0.004319592
34,186,28,0.002759789
34,186,30,0.002759789
24,186,32,0.002849329
31,186,34,0.003579126
31,186,36,0.003579126
31,186,38,0.003579126
27,186,40,0.002822986
27,186,42,0.002822986
28,186,44,0.002764644
28,186,46,0.002764644
28,186,48,0.002764644
26,186,50,0.006305555
26,186,52,0.006305555
26,186,54,0.006305555
35,186,56,0.00349209
35,186,58,0.00349209
35,186,60,0.00349209
23,188,-30,0.005118291
23,188,-28,0.005118291
32,188,-26,0.003836456
32,188,-24,0.003836456
32,188,-22,0.003836456
29,188,-20,0.003049921
29,188,-18,0.003049921
29,188,-16,0.003049921
18,188,-14,0.002907331
18,188,-12,0.002907331
18,188,-10,0.002907331
36,188,-8,0.004722976
36,188,-6,0.004722976
33,188,-4,0.002316626
37,188,-2,0.007316421
37,188,0,0.007316421
33,188,2,0.002316626
33,188,4,0.002316626
22,188,6,0.003578606
30,188,8,0.003798772
30,188,10,0.003798772
30,188,12,0.003798772
25,188,14,0.004583879
25,188,16,0.004583879
25,188,18,0.004583879
25,188,20,0.004583879
19,188,22,0.004319592
19,188,24,0.004319592
19,188,26,0.004319592
34,188,28,0.002759789
34,188,30,0.002759789
34,188,32,0.002759789
31,188,34,0.003579126
31,188,36,0.003579126
31,188,38,0.003579126
27,188,40,0.002822986
27,188,42,0.002822986
28,188,44,0.002764644
28,188,46,0.002764644
28,188,48,0.002764644
26,188,50,0.006305555
26,188,52,0.006305555
26,188,54,0.006305555
35,188,56,0.00349209
35,188,58,0.00349209
35,188,60,0.00349209
23,190,-30,0.005118291
32,190,-28,0.003836456
32,190,-26,0.003836456
32,190,-24,0.003836456
32,190,-22,0.003836456
29,190,-20,0.003049921
29,190,-18,0.003049921
29,190,-16,0.003049921
18,190,-14,0.002907331
18,190,-12,0.002907331
18,190,-10,0.002907331
36,190,-8,0.004722976
36,190,-6,0.004722976
33,190,-4,0.002316626
37,190,-2,0.007316421
37,190,0,0.007316421
37,190,2,0.007316421
33,190,4,0.002316626
33,190,6,0.002316626
30,190,8,0.003798772
30,190,10,0.003798772
30,190,12,0.003798772
25,190,14,0.004583879
25,190,16,0.004583879
25,190,18,0.004583879
25,190,20,0.004583879
19,190,22,0.004319592
19,190,24,0.004319592
19,190,26,0.004319592
34,190,28,0.002759789
34,190,30,0.002759789
34,190,32,0.002759789
31,190,34,0.003579126
31,190,36,0.003579126
31,190,38,0.003579126
31,190,40,0.003579126
38,190,42,0.004144478
38,190,44,0.004144478
38,190,46,0.004144478
38,190,48,0.004144478
26,190,50,0.006305555
26,190,52,0.006305555
26,190,54,0.006305555
35,190,56,0.00349209
35,190,58,0.00349209
35,190,60,0.00349209
23,192,-30,0.005118291
32,192,-28,0.003836456
32,192,-26,0.003836456
32,192,-24,0.003836456
32,192,-22,0.003836456
29,192,-20,0.003049921
29,192,-18,0.003049921
29,192,-16,0.003049921
18,192,-14,0.002907331
18,192,-12,0.002907331
39,192,-10,0.00363591
36,192,-8,0.004722976
36,192,-6,0.004722976
33,192,-4,0.002316626
37,192,-2,0.007316421
37,192,0,0.007316421
37,192,2,0.007316421
33,192,4,0.002316626
33,192,6,0.002316626
30,192,8,0.003798772
30,192,10,0.003798772
30,192,12,0.003798772
25,192,14,0.004583879
25,192,16,0.004583879
25,192,18,0.004583879
25,192,20,0.004583879
25,192,22,0.004583879
19,192,24,0.004319592
19,192,26,0.004319592
34,192,28,0.002759789
34,192,30,0.002759789
34,192,32,0.002759789
31,192,34,0.003579126
31,192,36,0.003579126
31,192,38,0.003579126
31,192,40,0.003579126
38,192,42,0.004144478
38,192,44,0.004144478
38,192,46,0.004144478
38,192,48,0.004144478
26,192,50,0.006305555
26,192,52,0.006305555
35,192,54,0.00349209
35,192,56,0.00349209
35,192,58,0.00349209
35,192,60,0.00349209
32,194,-30,0.003836456
32,194,-28,0.003836456
32,194,-26,0.003836456
32,194,-24,0.003836456
32,194,-22,0.003836456
29,194,-20,0.003049921
29,194,-18,0.003049921
29,194,-16,0.003049921
18,194,-14,0.002907331
39,194,-12,0.00363591
39,194,-10,0.00363591
36,194,-8,0.004722976
36,194,-6,0.004722976
37,194,-4,0.007316421
37,194,-2,0.007316421
37,194,0,0.007316421
37,194,2,0.007316421
33,194,4,0.002316626
33,194,6,0.002316626
30,194,8,0.003798772
30,194,10,0.003798772
30,194,12,0.003798772
30,194,14,0.003798772
25,194,16,0.004583879
25,194,18,0.004583879
25,194,20,0.004583879
25,194,22,0.004583879
19,194,24,0.004319592
19,194,26,0.004319592
34,194,28,0.002759789
34,194,30,0.002759789
34,194,32,0.002759789
31,194,34,0.003579126
31,194,36,0.003579126
31,194,38,0.003579126
40,194,40,0.002698496
38,194,42,0.004144478
38,194,44,0.004144478
38,194,46,0.004144478
38,194,48,0.004144478
26,194,50,0.006305555
26,194,52,0.006305555
35,194,54,0.00349209
35,194,56,0.00349209
35,194,58,0.00349209
35,194,60,0.00349209
32,196,-30,0.003836456
32,196,-28,0.003836456
32,196,-26,0.003836456
32,196,-24,0.003836456
32,196,-22,0.003836456
29,196,-20,0.003049921
29,196,-18,0.003049921
29,196,-16,0.003049921
39,196,-14,0.00363591
39,196,-12,0.00363591
39,196,-10,0.00363591
36,196,-8,0.004722976
36,196,-6,0.004722976
37,196,-4,0.007316421
37,196,-2,0.007316421
37,196,0,0.007316421
37,196,2,0.007316421
33,196,4,0.002316626
33,196,6,0.002316626
30,196,8,0.003798772
30,196,10,0.003798772
30,196,12,0.003798772
30,196,14,0.003798772
25,196,16,0.004583879
25,196,18,0.004583879
25,196,20,0.004583879
25,196,22,0.004583879
19,196,24,0.004319592
19,196,26,0.004319592
34,196,28,0.002759789
34,196,30,0.002759789
34,196,32,0.002759789
31,196,34,0.003579126
31,196,36,0.003579126
40,196,38,0.002698496
40,196,40,0.002698496
38,196,42,0.004144478
38,196,44,0.004144478
38,196,46,0.004144478
38,196,48,0.004144478
26,196,50,0.006305555
26,196,52,0.006305555
35,196,54,0.00349209
35,196,56,0.00349209
35,196,58,0.00349209
35,196,60,0.00349209
32,198,-30,0.003836456
32,198,-28,0.003836456
32,198,-26,0.003836456
32,198,-24,0.003836456
32,198,-22,0.003836456
29,198,-20,0.003049921
29,198,-18,0.003049921
29,198,-16,0.003049921
39,198,-14,0.00363591
39,198,-12,0.00363591
39,198,-10,0.00363591
36,198,-8,0.004722976
36,198,-6,0.004722976
37,198,-4,0.007316421
37,198,-2,0.007316421
37,198,0,0.007316421
37,198,2,0.007316421
33,198,4,0.002316626
33,198,6,0.002316626
30,198,8,0.003798772
30,198,10,0.003798772
30,198,12,0.003798772
30,198,14,0.003798772
30,198,16,0.003798772
25,198,18,0.004583879
25,198,20,0.004583879
25,198,22,0.004583879
25,198,24,0.004583879
19,198,26,0.004319592
34,198,28,0.002759789
34,198,30,0.002759789
34,198,32,0.002759789
34,198,34,0.002759789
40,198,36,0.002698496
40,198,38,0.002698496
40,198,40,0.002698496
38,198,42,0.004144478
38,198,44,0.004144478
38,198,46,0.004144478
38,198,48,0.004144478
41,198,50,0.005309607
26,198,52,0.006305555
35,198,54,0.00349209
35,198,56,0.00349209
35,198,58,0.00349209
35,198,60,0.00349209
32,200,-30,0.003836456
32,200,-28,0.003836456
32,200,-26,0.003836456
32,200,-24,0.003836456
32,200,-22,0.003836456
29,200,-20,0.003049921
29,200,-18,0.003049921
29,200,-16,0.003049921
39,200,-14,0.00363591
39,200,-12,0.00363591
36,200,-10,0.004722976
36,200,-8,0.004722976
36,200,-6,0.004722976
37,200,-4,0.007316421
37,200,-2,0.007316421
37,200,0,0.007316421
37,200,2,0.007316421
33,200,4,0.002316626
33,200,6,0.002316626
30,200,8,0.003798772
30,200,10,0.003798772
30,200,12,0.003798772
30,200,14,0.003798772
30,200,16,0.003798772
25,200,18,0.004583879
25,200,20,0.004583879
25,200,22,0.004583879
25,200,24,0.004583879
19,200,26,0.004319592
34,200,28,0.002759789
34,200,30,0.002759789
34,200,32,0.002759789
34,200,34,0.002759789
40,200,36,0.002698496
40,200,38,0.002698496
40,200,40,0.002698496
38,200,42,0.004144478
38,200,44,0.004144478
38,200,46,0.004144478
38,200,48,0.004144478
41,200,50,0.005309607
41,200,52,0.005309607
35,200,54,0.00349209
35,200,56,0.00349209
35,200,58,0.00349209
32,202,-30,0.003836456
32,202,-28,0.003836456
32,202,-26,0.003836456
32,202,-24,0.003836456
32,202,-22,0.003836456
29,202,-20,0.003049921
29,202,-18,0.003049921
39,202,-16,0.00363591
39,202,-14,0.00363591
39,202,-12,0.00363591
36,202,-10,0.004722976
36,202,-8,0.004722976
36,202,-6,0.004722976
37,202,-4,0.007316421
37,202,-2,0.007316421
37,202,0,0.007316421
37,202,2,0.007316421
33,202,4,0.002316626
33,202,6,0.002316626
30,202,8,0.003798772
30,202,10,0.003798772
30,202,12,0.003798772
30,202,14,0.003798772
30,202,16,0.003798772
25,202,18,0.004583879
25,202,20,0.004583879
25,202,22,0.004583879
25,202,24,0.004583879
19,202,26,0.004319592
34,202,28,0.002759789
34,202,30,0.002759789
34,202,32,0.002759789
34,202,34,0.002759789
40,202,36,0.002698496
40,202,38,0.002698496
40,202,40,0.002698496
38,202,42,0.004144478
38,202,44,0.004144478
38,202,46,0.004144478
38,202,48,0.004144478
41,202,50,0.005309607
41,202,52,0.005309607
42,202,54,0.004258139
35,202,56,0.00349209
35,202,58,0.00349209
32,204,-30,0.003836456
32,204,-28,0.003836456
32,204,-26,0.003836456
32,204,-24,0.003836456
32,204,-22,0.003836456
29,204,-20,0.003049921
29,204,-18,0.003049921
39,204,-16,0.00363591
39,204,-14,0.00363591
39,204,-12,0.00363591
36,204,-10,0.004722976
36,204,-8,0.004722976
36,204,-6,0.004722976
37,204,-4,0.007316421
37,204,-2,0.007316421
37,204,0,0.007316421
37,204,2,0.007316421
33,204,4,0.002316626
33,204,6,0.002316626
30,204,8,0.003798772
30,204,10,0.003798772
30,204,12,0.003798772
30,204,14,0.003798772
30,204,16,0.003798772
30,204,18,0.003798772
25,204,20,0.004583879
25,204,22,0.004583879
25,204,24,0.004583879
43,204,26,0.004036522
43,204,28,0.004036522
34,204,30,0.002759789
34,204,32,0.002759789
34,204,34,0.002759789
40,204,36,0.002698496
40,204,38,0.002698496
40,204,40,0.002698496
44,204,42,0.003226721
44,204,44,0.003226721
38,204,46,0.004144478
41,204,48,0.005309607
41,204,50,0.005309607
41,204,52,0.005309607
42,204,54,0.004258139
42,204,56,0.004258139
42,204,58,0.004258139
32,206,-30,0.003836456
32,206,-28,0.003836456
32,206,-26,0.003836456
32,206,-24,0.003836456
32,206,-22,0.003836456
29,206,-20,0.003049921
39,206,-18,0.00363591
39,206,-16,0.00363591
39,206,-14,0.00363591
39,206,-12,0.00363591
36,206,-10,0.004722976
36,206,-8,0.004722976
36,206,-6,0.004722976
37,206,-4,0.007316421
37,206,-2,0.007316421
37,206,0,0.007316421
37,206,2,0.007316421
33,206,4,0.002316626
33,206,6,0.002316626
33,206,8,0.002316626
30,206,10,0.003798772
30,206,12,0.003798772
30,206,14,0.003798772
30,206,16,0.003798772
30,206,18,0.003798772
25,206,20,0.004583879
25,206,22,0.004583879
25,206,24,0.004583879
43,206,26,0.004036522
43,206,28,0.004036522
34,206,30,0.002759789
34,206,32,0.002759789
45,206,34,0.002823524
40,206,36,0.002698496
40,206,38,0.002698496
40,206,40,0.002698496
44,206,42,0.003226721
44,206,44,0.003226721
44,206,46,0.003226721
41,206,48,0.005309607
41,206,50,0.005309607
41,206,52,0.005309607
42,206,54,0.004258139
42,206,56,0.004258139
42,206,58,0.004258139
32,208,-30,0.003836456
32,208,-28,0.003836456
32,208,-26,0.003836456
32,208,-24,0.003836456
32,208,-22,0.003836456
29,208,-20,0.003049921
39,208,-18,0.00363591
39,208,-16,0.00363591
39,208,-14,0.00363591
36,208,-12,0.004722976
36,208,-10,0.004722976
36,208,-8,0.004722976
36,208,-6,0.004722976
37,208,-4,0.007316421
37,208,-2,0.007316421
37,208,0,0.007316421
37,208,2,0.007316421
37,208,4,0.007316421
33,208,6,0.002316626
33,208,8,0.002316626
30,208,10,0.003798772
30,208,12,0.003798772
30,208,14,0.003798772
30,208,16,0.003798772
30,208,18,0.003798772
30,208,20,0.003798772
25,208,22,0.004583879
25,208,24,0.004583879
25,208,26,0.004583879
43,208,28,0.004036522
43,208,30,0.004036522
34,208,32,0.002759789
45,208,34,0.002823524
45,208,36,0.002823524
40,208,38,0.002698496
40,208,40,0.002698496
44,208,42,0.003226721
44,208,44,0.003226721
44,208,46,0.003226721
41,208,48,0.005309607
41,208,50,0.005309607
41,208,52,0.005309607
42,208,54,0.004258139
42,208,56,0.004258139
42,208,58,0.004258139
42,208,60,0.004258139
32,210,-30,0.003836456
32,210,-28,0.003836456
32,210,-26,0.003836456
32,210,-24,0.003836456
29,210,-22,0.003049921
29,210,-20,0.003049921
39,210,-18,0.00363591
39,210,-16,0.00363591
39,210,-14,0.00363591
36,210,-12,0.004722976
36,210,-10,0.004722976
36,210,-8,0.004722976
36,210,-6,0.004722976
37,210,-4,0.007316421
37,210,-2,0.007316421
46,210,0,0.002434517
37,210,2,0.007316421
37,210,4,0.007316421
33,210,6,0.002316626
33,210,8,0.002316626
30,210,10,0.003798772
30,210,12,0.003798772
30,210,14,0.003798772
30,210,16,0.003798772
47,210,18,0.003121339
47,210,20,0.003121339
25,210,22,0.004583879
25,210,24,0.004583879
25,210,26,0.004583879
43,210,28,0.004036522
43,210,30,0.004036522
45,210,32,0.002823524
45,210,34,0.002823524
45,210,36,0.002823524
45,210,38,0.002823524
44,210,40,0.003226721
44,210,42,0.003226721
44,210,44,0.003226721
44,210,46,0.003226721
41,210,48,0.005309607
41,210,50,0.005309607
41,210,52,0.005309607
42,210,54,0.004258139
42,210,56,0.004258139
42,210,58,0.004258139
42,210,60,0.004258139
48,212,-30,0.002986858
48,212,-28,0.002986858
48,212,-26,0.002986858
48,212,-24,0.002986858
48,212,-22,0.002986858
39,212,-20,0.00363591
39,212,-18,0.00363591
39,212,-16,0.00363591
39,212,-14,0.00363591
36,212,-12,0.004722976
36,212,-10,0.004722976
36,212,-8,0.004722976
36,212,-6,0.004722976
37,212,-4,0.007316421
46,212,-2,0.002434517
46,212,0,0.002434517
37,212,2,0.007316421
37,212,4,0.007316421
33,212,6,0.002316626
33,212,8,0.002316626
30,212,10,0.003798772
30,212,12,0.003798772
30,212,14,0.003798772
30,212,16,0.003798772
47,212,18,0.003121339
47,212,20,0.003121339
47,212,22,0.003121339
25,212,24,0.004583879
25,212,26,0.004583879
43,212,28,0.004036522
43,212,30,0.004036522
45,212,32,0.002823524
45,212,34,0.002823524
45,212,36,0.002823524
45,212,38,0.002823524
44,212,40,0.003226721
44,212,42,0.003226721
44,212,44,0.003226721
44,212,46,0.003226721
41,212,48,0.005309607
41,212,50,0.005309607
41,212,52,0.005309607
42,212,54,0.004258139
42,212,56,0.004258139
42,212,58,0.004258139
42,212,60,0.004258139
48,214,-30,0.002986858
48,214,-28,0.002986858
48,214,-26,0.002986858
48,214,-24,0.002986858
48,214,-22,0.002986858
39,214,-20,0.00363591
39,214,-18,0.00363591
39,214,-16,0.00363591
39,214,-14,0.00363591
36,214,-12,0.004722976
36,214,-10,0.004722976
36,214,-8,0.004722976
36,214,-6,0.004722976
46,214,-4,0.002434517
46,214,-2,0.002434517
46,214,0,0.002434517
46,214,2,0.002434517
37,214,4,0.007316421
33,214,6,0.002316626
33,214,8,0.002316626
49,214,10,0.002732758
30,214,12,0.003798772
30,214,14,0.003798772
30,214,16,0.003798772
47,214,18,0.003121339
47,214,20,0.003121339
47,214,22,0.003121339
25,214,24,0.004583879
25,214,26,0.004583879
43,214,28,0.004036522
43,214,30,0.004036522
43,214,32,0.004036522
45,214,34,0.002823524
45,214,36,0.002823524
45,214,38,0.002823524
45,214,40,0.002823524
44,214,42,0.003226721
44,214,44,0.003226721
44,214,46,0.003226721
41,214,48,0.005309607
41,214,50,0.005309607
41,214,52,0.005309607
42,214,54,0.004258139
42,214,56,0.004258139
42,214,58,0.004258139
42,214,60,0.004258139
48,216,-30,0.002986858
48,216,-28,0.002986858
48,216,-26,0.002986858
48,216,-24,0.002986858
10,216,-22,0.003221175
39,216,-20,0.00363591
39,216,-18,0.00363591
39,216,-16,0.00363591
39,216,-14,0.00363591
36,216,-12,0.004722976
36,216,-10,0.004722976
36,216,-8,0.004722976
36,216,-6,0.004722976
46,216,-4,0.002434517
46,216,-2,0.002434517
46,216,0,0.002434517
46,216,2,0.002434517
37,216,4,0.007316421
33,216,6,0.002316626
33,216,8,0.002316626
49,216,10,0.002732758
49,216,12,0.002732758
30,216,14,0.003798772
30,216,16,0.003798772
47,216,18,0.003121339
47,216,20,0.003121339
47,216,22,0.003121339
47,216,24,0.003121339
25,216,26,0.004583879
43,216,28,0.004036522
43,216,30,0.004036522
43,216,32,0.004036522
45,216,34,0.002823524
45,216,36,0.002823524
45,216,38,0.002823524
45,216,40,0.002823524
44,216,42,0.003226721
44,216,44,0.003226721
50,216,46,0.003384879
41,216,48,0.005309607
41,216,50,0.005309607
41,216,52,0.005309607
42,216,54,0.004258139
42,216,56,0.004258139
42,216,58,0.004258139
42,216,60,0.004258139
48,218,-30,0.002986858
48,218,-28,0.002986858
48,218,-26,0.002986858
48,218,-24,0.002986858
10,218,-22,0.003221175
39,218,-20,0.00363591
39,218,-18,0.00363591
39,218,-16,0.00363591
36,218,-14,0.004722976
36,218,-12,0.004722976
36,218,-10,0.004722976
36,218,-8,0.004722976
51,218,-6,0.00295004
46,218,-4,0.002434517
46,218,-2,0.002434517
46,218,0,0.002434517
46,218,2,0.002434517
46,218,4,0.002434517
33,218,6,0.002316626
33,218,8,0.002316626
49,218,10,0.002732758
49,218,12,0.002732758
49,218,14,0.002732758
30,218,16,0.003798772
47,218,18,0.003121339
47,218,20,0.003121339
47,218,22,0.003121339
47,218,24,0.003121339
25,218,26,0.004583879
43,218,28,0.004036522
43,218,30,0.004036522
43,218,32,0.004036522
43,218,34,0.004036522
45,218,36,0.002823524
45,218,38,0.002823524
45,218,40,0.002823524
50,218,42,0.003384879
50,218,44,0.003384879
50,218,46,0.003384879
41,218,48,0.005309607
41,218,50,0.005309607
42,218,52,0.004258139
42,218,54,0.004258139
42,218,56,0.004258139
42,218,58,0.004258139
42,218,60,0.004258139
48,220,-30,0.002986858
48,220,-28,0.002986858
48,220,-26,0.002986858
48,220,-24,0.002986858
10,220,-22,0.003221175
39,220,-20,0.00363591
39,220,-18,0.00363591
39,220,-16,0.00363591
36,220,-14,0.004722976
36,220,-12,0.004722976
36,220,-10,0.004722976
51,220,-8,0.00295004
51,220,-6,0.00295004
46,220,-4,0.002434517
46,220,-2,0.002434517
46,220,0,0.002434517
46,220,2,0.002434517
46,220,4,0.002434517
33,220,6,0.002316626
33,220,8,0.002316626
49,220,10,0.002732758
49,220,12,0.002732758
49,220,14,0.002732758
30,220,16,0.003798772
47,220,18,0.003121339
47,220,20,0.003121339
47,220,22,0.003121339
47,220,24,0.003121339
47,220,26,0.003121339
43,220,28,0.004036522
43,220,30,0.004036522
43,220,32,0.004036522
43,220,34,0.004036522
43,220,36,0.004036522
45,220,38,0.002823524
50,220,40,0.003384879
50,220,42,0.003384879
50,220,44,0.003384879
50,220,46,0.003384879
50,220,48,0.003384879
41,220,50,0.005309607
42,220,52,0.004258139
42,220,54,0.004258139
42,220,56,0.004258139
42,220,58,0.004258139
42,220,60,0.004258139
48,222,-30,0.002986858
48,222,-28,0.002986858
48,222,-26,0.002986858
48,222,-24,0.002986858
52,222,-22,0.00272945
39,222,-20,0.00363591
39,222,-18,0.00363591
39,222,-16,0.00363591
36,222,-14,0.004722976
36,222,-12,0.004722976
51,222,-10,0.00295004
51,222,-8,0.00295004
51,222,-6,0.00295004
46,222,-4,0.002434517
46,222,-2,0.002434517
46,222,0,0.002434517
46,222,2,0.002434517
46,222,4,0.002434517
33,222,6,0.002316626
33,222,8,0.002316626
49,222,10,0.002732758
49,222,12,0.002732758
49,222,14,0.002732758
49,222,16,0.002732758
47,222,18,0.003121339
47,222,20,0.003121339
47,222,22,0.003121339
47,222,24,0.003121339
47,222,26,0.003121339
53,222,28,0.002871919
43,222,30,0.004036522
43,222,32,0.004036522
43,222,34,0.004036522
43,222,36,0.004036522
43,222,38,0.004036522
50,222,40,0.003384879
50,222,42,0.003384879
50,222,44,0.003384879
50,222,46,0.003384879
50,222,48,0.003384879
54,222,50,0.003148797
42,222,52,0.004258139
42,222,54,0.004258139
42,222,56,0.004258139
42,222,58,0.004258139
48,224,-30,0.002986858
48,224,-28,0.002986858
48,224,-26,0.002986858
52,224,-24,0.00272945
52,224,-22,0.00272945
39,224,-20,0.00363591
39,224,-18,0.00363591
39,224,-16,0.00363591
36,224,-14,0.004722976
51,224,-12,0.00295004
51,224,-10,0.00295004
51,224,-8,0.00295004
51,224,-6,0.00295004
46,224,-4,0.002434517
46,224,-2,0.002434517
46,224,0,0.002434517
46,224,2,0.002434517
46,224,4,0.002434517
33,224,6,0.002316626
33,224,8,0.002316626
49,224,10,0.002732758
49,224,12,0.002732758
49,224,14,0.002732758
49,224,16,0.002732758
47,224,18,0.003121339
47,224,20,0.003121339
47,224,22,0.003121339
47,224,24,0.003121339
47,224,26,0.003121339
53,224,28,0.002871919
53,224,30,0.002871919
43,224,32,0.004036522
43,224,34,0.004036522
43,224,36,0.004036522
43,224,38,0.004036522
50,224,40,0.003384879
50,224,42,0.003384879
50,224,44,0.003384879
50,224,46,0.003384879
50,224,48,0.003384879
54,224,50,0.003148797
54,224,52,0.003148797
42,224,54,0.004258139
42,224,56,0.004258139
42,224,58,0.004258139
48,226,-30,0.002986858
48,226,-28,0.002986858
48,226,-26,0.002986858
52,226,-24,0.00272945
52,226,-22,0.00272945
55,226,-20,0.003023842
39,226,-18,0.00363591
51,226,-16,0.00295004
51,226,-14,0.00295004
51,226,-12,0.00295004
51,226,-10,0.00295004
51,226,-8,0.00295004
51,226,-6,0.00295004
46,226,-4,0.002434517
46,226,-2,0.002434517
46,226,0,0.002434517
46,226,2,0.002434517
46,226,4,0.002434517
33,226,6,0.002316626
33,226,8,0.002316626
49,226,10,0.002732758
49,226,12,0.002732758
49,226,14,0.002732758
49,226,16,0.002732758
49,226,18,0.002732758
47,226,20,0.003121339
47,226,22,0.003121339
47,226,24,0.003121339
47,226,26,0.003121339
53,226,28,0.002871919
53,226,30,0.002871919
53,226,32,0.002871919
53,226,34,0.002871919
53,226,36,0.002871919
53,226,38,0.002871919
53,226,40,0.002871919
50,226,42,0.003384879
50,226,44,0.003384879
50,226,46,0.003384879
54,226,48,0.003148797
54,226,50,0.003148797
54,226,52,0.003148797
54,226,54,0.003148797
42,226,56,0.004258139
42,226,58,0.004258139
48,228,-30,0.002986858
48,228,-28,0.002986858
48,228,-26,0.002986858
52,228,-24,0.00272945
52,228,-22,0.00272945
55,228,-20,0.003023842
55,228,-18,0.003023842
51,228,-16,0.00295004
51,228,-14,0.00295004
51,228,-12,0.00295004
51,228,-10,0.00295004
51,228,-8,0.00295004
51,228,-6,0.00295004
46,228,-4,0.002434517
46,228,-2,0.002434517
46,228,0,0.002434517
46,228,2,0.002434517
46,228,4,0.002434517
33,228,6,0.002316626
33,228,8,0.002316626
49,228,10,0.002732758
49,228,12,0.002732758
49,228,14,0.002732758
49,228,16,0.002732758
49,228,18,0.002732758
47,228,20,0.003121339
47,228,22,0.003121339
47,228,24,0.003121339
47,228,26,0.003121339
47,228,28,0.003121339
53,228,30,0.002871919
53,228,32,0.002871919
53,228,34,0.002871919
53,228,36,0.002871919
53,228,38,0.002871919
53,228,40,0.002871919
53,228,42,0.002871919
54,228,44,0.003148797
54,228,46,0.003148797
54,228,48,0.003148797
54,228,50,0.003148797
54,228,52,0.003148797
54,228,54,0.003148797
54,228,56,0.003148797
48,230,-30,0.002986858
48,230,-28,0.002986858
52,230,-26,0.00272945
52,230,-24,0.00272945
55,230,-22,0.003023842
55,230,-20,0.003023842
55,230,-18,0.003023842
51,230,-16,0.00295004
51,230,-14,0.00295004
51,230,-12,0.00295004
51,230,-10,0.00295004
51,230,-8,0.00295004
51,230,-6,0.00295004
46,230,-4,0.002434517
46,230,-2,0.002434517
46,230,0,0.002434517
46,230,2,0.002434517
46,230,4,0.002434517
33,230,6,0.002316626
33,230,8,0.002316626
49,230,10,0.002732758
49,230,12,0.002732758
49,230,14,0.002732758
49,230,16,0.002732758
49,230,18,0.002732758
47,230,20,0.003121339
47,230,22,0.003121339
47,230,24,0.003121339
47,230,26,0.003121339
47,230,28,0.003121339
53,230,30,0.002871919
53,230,32,0.002871919
53,230,34,0.002871919
53,230,36,0.002871919
53,230,38,0.002871919
53,230,40,0.002871919
53,230,42,0.002871919
54,230,44,0.003148797
54,230,46,0.003148797
54,230,48,0.003148797
54,230,50,0.003148797
54,230,52,0.003148797
54,230,54,0.003148797
48,232,-30,0.002986858
48,232,-28,0.002986858
52,232,-26,0.00272945
52,232,-24,0.00272945
55,232,-22,0.003023842
55,232,-20,0.003023842
55,232,-18,0.003023842
51,232,-16,0.00295004
51,232,-14,0.00295004
51,232,-12,0.00295004
51,232,-10,0.00295004
51,232,-8,0.00295004
51,232,-6,0.00295004
46,232,-4,0.002434517
56,232,-2,0.003163868
56,232,0,0.003163868
46,232,2,0.002434517
46,232,4,0.002434517
33,232,6,0.002316626
33,232,8,0.002316626
49,232,10,0.002732758
49,232,12,0.002732758
49,232,14,0.002732758
49,232,16,0.002732758
49,232,18,0.002732758
47,232,20,0.003121339
47,232,22,0.003121339
47,232,24,0.003121339
47,232,26,0.003121339
47,232,28,0.003121339
47,232,30,0.003121339
53,232,32,0.002871919
53,232,34,0.002871919
53,232,36,0.002871919
53,232,38,0.002871919
53,232,40,0.002871919
53,232,42,0.002871919
54,232,44,0.003148797
54,232,46,0.003148797
54,232,48,0.003148797
54,232,50,0.003148797
54,232,52,0.003148797
48,234,-30,0.002986858
52,234,-28,0.00272945
52,234,-26,0.00272945
52,234,-24,0.00272945
55,234,-22,0.003023842
55,234,-20,0.003023842
55,234,-18,0.003023842
51,234,-16,0.00295004
51,234,-14,0.00295004
51,234,-12,0.00295004
51,234,-10,0.00295004
51,234,-8,0.00295004
51,234,-6,0.00295004
46,234,-4,0.002434517
56,234,-2,0.003163868
56,234,0,0.003163868
46,234,2,0.002434517
46,234,4,0.002434517
33,234,6,0.002316626
49,234,8,0.002732758
49,234,10,0.002732758
49,234,12,0.002732758
49,234,14,0.002732758
49,234,16,0.002732758
49,234,18,0.002732758
57,234,20,0.0027196
57,234,22,0.0027196
47,234,24,0.003121339
47,234,26,0.003121339
47,234,28,0.003121339
47,234,30,0.003121339
53,234,32,0.002871919
53,234,34,0.002871919
53,234,36,0.002871919
53,234,38,0.002871919
53,234,40,0.002871919
53,234,42,0.002871919
54,234,44,0.003148797
54,234,46,0.003148797
54,234,48,0.003148797
54,234,50,0.003148797
52,236,-30,0.00272945
52,236,-28,0.00272945
52,236,-26,0.00272945
52,236,-24,0.00272945
55,236,-22,0.003023842
55,236,-20,0.003023842
55,236,-18,0.003023842
51,236,-16,0.00295004
51,236,-14,0.00295004
51,236,-12,0.00295004
51,236,-10,0.00295004
51,236,-8,0.00295004
51,236,-6,0.00295004
56,236,-4,0.003163868
56,236,-2,0.003163868
56,236,0,0.003163868
56,236,2,0.003163868
46,236,4,0.002434517
58,236,6,0.002283873
58,236,8,0.002283873
49,236,10,0.002732758
49,236,12,0.002732758
49,236,14,0.002732758
49,236,16,0.002732758
49,236,18,0.002732758
57,236,20,0.0027196
57,236,22,0.0027196
57,236,24,0.0027196
47,236,26,0.003121339
47,236,28,0.003121339
47,236,30,0.003121339
47,236,32,0.003121339
53,236,34,0.002871919
53,236,36,0.002871919
53,236,38,0.002871919
53,236,40,0.002871919
53,236,42,0.002871919
54,236,44,0.003148797
54,236,46,0.003148797
54,236,48,0.003148797
54,236,50,0.003148797
52,238,-30,0.00272945
52,238,-28,0.00272945
52,238,-26,0.00272945
52,238,-24,0.00272945
55,238,-22,0.003023842
55,238,-20,0.003023842
55,238,-18,0.003023842
59,238,-16,0.003745834
51,238,-14,0.00295004
51,238,-12,0.00295004
51,238,-10,0.00295004
51,238,-8,0.00295004
60,238,-6,0.003139331
56,238,-4,0.003163868
56,238,-2,0.003163868
56,238,0,0.003163868
56,238,2,0.003163868
46,238,4,0.002434517
58,238,6,0.002283873
58,238,8,0.002283873
49,238,10,0.002732758
49,238,12,0.002732758
49,238,14,0.002732758
49,238,16,0.002732758
49,238,18,0.002732758
57,238,20,0.0027196
57,238,22,0.0027196
57,238,24,0.0027196
57,238,26,0.0027196
57,238,28,0.0027196
57,238,30,0.0027196
53,238,32,0.002871919
53,238,34,0.002871919
53,238,36,0.002871919
53,238,38,0.002871919
52,240,-30,0.00272945
52,240,-28,0.00272945
52,240,-26,0.00272945
55,240,-24,0.003023842
55,240,-22,0.003023842
55,240,-20,0.003023842
59,240,-18,0.003745834
59,240,-16,0.003745834
59,240,-14,0.003745834
51,240,-12,0.00295004
51,240,-10,0.00295004
51,240,-8,0.00295004
60,240,-6,0.003139331
56,240,-4,0.003163868
56,240,-2,0.003163868
56,240,0,0.003163868
56,240,2,0.003163868
46,240,4,0.002434517
58,240,6,0.002283873
58,240,8,0.002283873
61,240,10,0.003605547
49,240,12,0.002732758
49,240,14,0.002732758
49,240,16,0.002732758
49,240,18,0.002732758
57,240,20,0.0027196
57,240,22,0.0027196
57,240,24,0.0027196
57,240,26,0.0027196
57,240,28,0.0027196
57,240,30,0.0027196
53,240,32,0.002871919
53,240,34,0.002871919
52,242,-30,0.00272945
52,242,-28,0.00272945
52,242,-26,0.00272945
55,242,-24,0.003023842
55,242,-22,0.003023842
55,242,-20,0.003023842
59,242,-18,0.003745834
59,242,-16,0.003745834
59,242,-14,0.003745834
59,242,-12,0.003745834
51,242,-10,0.00295004
60,242,-8,0.003139331
60,242,-6,0.003139331
56,242,-4,0.003163868
56,242,-2,0.003163868
56,242,0,0.003163868
56,242,2,0.003163868
62,242,4,0.00482949
58,242,6,0.002283873
58,242,8,0.002283873
61,242,10,0.003605547
61,242,12,0.003605547
49,242,14,0.002732758
49,242,16,0.002732758
49,242,18,0.002732758
57,242,20,0.0027196
57,242,22,0.0027196
57,242,24,0.0027196
57,242,26,0.0027196
57,242,28,0.0027196
57,242,30,0.0027196
53,242,32,0.002871919
53,242,34,0.002871919
52,244,-30,0.00272945
52,244,-28,0.00272945
52,244,-26,0.00272945
55,244,-24,0.003023842
55,244,-22,0.003023842
55,244,-20,0.003023842
59,244,-18,0.003745834
59,244,-16,0.003745834
59,244,-14,0.003745834
59,244,-12,0.003745834
60,244,-10,0.003139331
60,244,-8,0.003139331
60,244,-6,0.003139331
56,244,-4,0.003163868
56,244,-2,0.003163868
56,244,0,0.003163868
56,244,2,0.003163868
62,244,4,0.00482949
58,244,6,0.002283873
58,244,8,0.002283873
61,244,10,0.003605547
61,244,12,0.003605547
61,244,14,0.003605547
49,244,16,0.002732758
49,244,18,0.002732758
57,244,20,0.0027196
57,244,22,0.0027196
57,244,24,0.0027196
57,244,26,0.0027196
57,244,28,0.0027196
57,244,30,0.0027196
53,244,32,0.002871919
52,246,-30,0.00272945
52,246,-28,0.00272945
55,246,-26,0.003023842
55,246,-24,0.003023842
55,246,-22,0.003023842
59,246,-20,0.003745834
59,246,-18,0.003745834
59,246,-16,0.003745834
59,246,-14,0.003745834
59,246,-12,0.003745834
60,246,-10,0.003139331
60,246,-8,0.003139331
60,246,-6,0.003139331
56,246,-4,0.003163868
56,246,-2,0.003163868
56,246,0,0.003163868
56,246,2,0.003163868
62,246,4,0.00482949
58,246,6,0.002283873
58,246,8,0.002283873
61,246,10,0.003605547
61,246,12,0.003605547
61,246,14,0.003605547
61,246,16,0.003605547
61,246,18,0.003605547
57,246,20,0.0027196
57,246,22,0.0027196
57,246,24,0.0027196
57,246,26,0.0027196
63,246,28,0.003625213
63,246,32,0.003625213
52,248,-30,0.00272945
52,248,-28,0.00272945
55,248,-26,0.003023842
55,248,-24,0.003023842
55,248,-22,0.003023842
59,248,-20,0.003745834
59,248,-18,0.003745834
59,248,-16,0.003745834
59,248,-14,0.003745834
59,248,-12,0.003745834
60,248,-10,0.003139331
60,248,-8,0.003139331
60,248,-6,0.003139331
56,248,-4,0.003163868
56,248,-2,0.003163868
56,248,0,0.003163868
56,248,2,0.003163868
62,248,4,0.00482949
58,248,6,0.002283873
58,248,8,0.002283873
61,248,10,0.003605547
61,248,12,0.003605547
61,248,14,0.003605547
61,248,16,0.003605547
61,248,18,0.003605547
61,248,20,0.003605547
57,248,22,0.0027196
57,248,24,0.0027196
63,248,26,0.003625213
63,248,28,0.003625213
63,248,30,0.003625213
52,250,-30,0.00272945
52,250,-28,0.00272945
55,250,-26,0.003023842
55,250,-24,0.003023842
55,250,-22,0.003023842
59,250,-20,0.003745834
59,250,-18,0.003745834
59,250,-16,0.003745834
59,250,-14,0.003745834
59,250,-12,0.003745834
60,250,-10,0.003139331
60,250,-8,0.003139331
60,250,-6,0.003139331
56,250,-4,0.003163868
56,250,-2,0.003163868
56,250,0,0.003163868
56,250,2,0.003163868
62,250,4,0.00482949
58,250,6,0.002283873
58,250,8,0.002283873
61,250,10,0.003605547
61,250,12,0.003605547
61,250,14,0.003605547
61,250,16,0.003605547
61,250,18,0.003605547
61,250,20,0.003605547
61,250,22,0.003605547
63,250,24,0.003625213
63,250,26,0.003625213
63,250,28,0.003625213
52,252,-30,0.00272945
52,252,-28,0.00272945
55,252,-26,0.003023842
55,252,-24,0.003023842
64,252,-22,0.003116652
59,252,-20,0.003745834
59,252,-18,0.003745834
59,252,-16,0.003745834
59,252,-14,0.003745834
59,252,-12,0.003745834
60,252,-10,0.003139331
60,252,-8,0.003139331
60,252,-6,0.003139331
56,252,-4,0.003163868
56,252,-2,0.003163868
56,252,0,0.003163868
56,252,2,0.003163868
62,252,4,0.00482949
58,252,6,0.002283873
58,252,8,0.002283873
61,252,10,0.003605547
61,252,12,0.003605547
61,252,14,0.003605547
61,252,16,0.003605547
61,252,18,0.003605547
61,252,20,0.003605547
61,252,22,0.003605547
63,252,24,0.003625213
63,252,26,0.003625213
52,254,-30,0.00272945
65,254,-28,0.004545693
65,254,-26,0.004545693
65,254,-24,0.004545693
64,254,-22,0.003116652
59,254,-20,0.003745834
59,254,-18,0.003745834
59,254,-16,0.003745834
59,254,-14,0.003745834
60,254,-12,0.003139331
60,254,-10,0.003139331
60,254,-8,0.003139331
60,254,-6,0.003139331
56,254,-4,0.003163868
56,254,-2,0.003163868
56,254,0,0.003163868
56,254,2,0.003163868
62,254,4,0.00482949
58,254,6,0.002283873
58,254,8,0.002283873
58,254,10,0.002283873
61,254,12,0.003605547
61,254,14,0.003605547
61,254,16,0.003605547
61,254,18,0.003605547
61,254,20,0.003605547
61,254,22,0.003605547
63,254,24,0.003625213
65,256,-30,0.004545693
65,256,-28,0.004545693
65,256,-26,0.004545693
65,256,-24,0.004545693
64,256,-22,0.003116652
64,256,-20,0.003116652
59,256,-18,0.003745834
59,256,-16,0.003745834
59,256,-14,0.003745834
60,256,-12,0.003139331
60,256,-10,0.003139331
60,256,-8,0.003139331
60,256,-6,0.003139331
56,256,-4,0.003163868
66,256,-2,0.004412603
66,256,0,0.004412603
66,256,2,0.004412603
62,256,4,0.00482949
58,256,6,0.002283873
58,256,8,0.002283873
58,256,10,0.002283873
61,256,12,0.003605547
61,256,14,0.003605547
61,256,16,0.003605547
61,256,18,0.003605547
65,258,-30,0.004545693
65,258,-28,0.004545693
65,258,-26,0.004545693
65,258,-24,0.004545693
64,258,-22,0.003116652
64,258,-20,0.003116652
59,258,-18,0.003745834
59,258,-16,0.003745834
59,258,-14,0.003745834
60,258,-12,0.003139331
60,258,-10,0.003139331
60,258,-8,0.003139331
60,258,-6,0.003139331
66,258,-4,0.004412603
66,258,-2,0.004412603
66,258,0,0.004412603
66,258,2,0.004412603
62,258,4,0.00482949
58,258,6,0.002283873
58,258,8,0.002283873
58,258,10,0.002283873
61,258,12,0.003605547
61,258,14,0.003605547
61,258,16,0.003605547
61,258,18,0.003605547
65,260,-30,0.004545693
65,260,-28,0.004545693
65,260,-26,0.004545693
64,260,-24,0.003116652
64,260,-22,0.003116652
64,260,-20,0.003116652
59,260,-18,0.003745834
59,260,-16,0.003745834
59,260,-14,0.003745834
60,260,-12,0.003139331
60,260,-10,0.003139331
60,260,-8,0.003139331
60,260,-6,0.003139331
66,260,-4,0.004412603
66,260,-2,0.004412603
66,260,0,0.004412603
66,260,2,0.004412603
62,260,4,0.00482949
58,260,6,0.002283873
58,260,8,0.002283873
58,260,10,0.002283873
61,260,12,0.003605547
61,260,14,0.003605547
61,260,16,0.003605547
65,262,-30,0.004545693
65,262,-28,0.004545693
65,262,-26,0.004545693
64,262,-24,0.003116652
64,262,-22,0.003116652
64,262,-20,0.003116652
64,262,-18,0.003116652
59,262,-16,0.003745834
59,262,-14,0.003745834
60,262,-12,0.003139331
60,262,-10,0.003139331
60,262,-8,0.003139331
60,262,-6,0.003139331
66,262,-4,0.004412603
66,262,-2,0.004412603
66,262,0,0.004412603
66,262,2,0.004412603
62,262,4,0.00482949
58,262,6,0.002283873
58,262,8,0.002283873
58,262,10,0.002283873
61,262,12,0.003605547
61,262,14,0.003605547
61,262,16,0.003605547
65,264,-30,0.004545693
65,264,-28,0.004545693
65,264,-26,0.004545693
64,264,-24,0.003116652
64,264,-22,0.003116652
64,264,-20,0.003116652
64,264,-18,0.003116652
59,264,-16,0.003745834
60,264,-14,0.003139331
60,264,-12,0.003139331
60,264,-10,0.003139331
60,264,-8,0.003139331
67,264,-6,0.00222458
66,264,-4,0.004412603
66,264,-2,0.004412603
66,264,0,0.004412603
66,264,2,0.004412603
62,264,4,0.00482949
58,264,6,0.002283873
58,264,8,0.002283873
58,264,10,0.002283873
58,264,12,0.002283873
61,264,14,0.003605547
61,264,16,0.003605547
68,264,20,0.004352891
68,264,22,0.004352891
68,264,24,0.004352891
68,264,26,0.004352891
68,264,28,0.004352891
65,266,-30,0.004545693
65,266,-28,0.004545693
65,266,-26,0.004545693
64,266,-24,0.003116652
64,266,-22,0.003116652
64,266,-20,0.003116652
64,266,-18,0.003116652
59,266,-16,0.003745834
60,266,-14,0.003139331
60,266,-12,0.003139331
60,266,-10,0.003139331
67,266,-8,0.00222458
67,266,-6,0.00222458
66,266,-4,0.004412603
66,266,-2,0.004412603
66,266,0,0.004412603
66,266,2,0.004412603
62,266,4,0.00482949
58,266,6,0.002283873
58,266,8,0.002283873
58,266,10,0.002283873
58,266,12,0.002283873
58,266,14,0.002283873
61,266,16,0.003605547
68,266,20,0.004352891
68,266,22,0.004352891
68,266,24,0.004352891
68,266,26,0.004352891
68,266,28,0.004352891
68,266,30,0.004352891
69,266,60,0.00392684
65,268,-30,0.004545693
65,268,-28,0.004545693
65,268,-26,0.004545693
64,268,-24,0.003116652
64,268,-22,0.003116652
64,268,-20,0.003116652
64,268,-18,0.003116652
70,268,-16,0.003686102
60,268,-14,0.003139331
60,268,-12,0.003139331
67,268,-10,0.00222458
67,268,-8,0.00222458
67,268,-6,0.00222458
66,268,-4,0.004412603
66,268,-2,0.004412603
66,268,0,0.004412603
66,268,2,0.004412603
62,268,4,0.00482949
62,268,6,0.00482949
58,268,8,0.002283873
58,268,10,0.002283873
58,268,12,0.002283873
58,268,14,0.002283873
68,268,20,0.004352891
68,268,22,0.004352891
68,268,24,0.004352891
68,268,26,0.004352891
68,268,28,0.004352891
68,268,30,0.004352891
69,268,58,0.00392684
69,268,60,0.00392684
65,270,-30,0.004545693
65,270,-28,0.004545693
64,270,-26,0.003116652
64,270,-24,0.003116652
64,270,-22,0.003116652
64,270,-20,0.003116652
70,270,-18,0.003686102
70,270,-16,0.003686102
67,270,-14,0.00222458
67,270,-12,0.00222458
67,270,-10,0.00222458
67,270,-8,0.00222458
67,270,-6,0.00222458
66,270,-4,0.004412603
66,270,-2,0.004412603
66,270,0,0.004412603
66,270,2,0.004412603
62,270,4,0.00482949
62,270,6,0.00482949
58,270,8,0.002283873
58,270,10,0.002283873
58,270,12,0.002283873
58,270,14,0.002283873
68,270,20,0.004352891
68,270,22,0.004352891
68,270,24,0.004352891
68,270,26,0.004352891
68,270,28,0.004352891
68,270,30,0.004352891
71,270,48,0.003080391
69,270,58,0.00392684
69,270,60,0.00392684
65,272,-30,0.004545693
65,272,-28,0.004545693
64,272,-26,0.003116652
64,272,-24,0.003116652
64,272,-22,0.003116652
64,272,-20,0.003116652
70,272,-18,0.003686102
70,272,-16,0.003686102
67,272,-14,0.00222458
67,272,-12,0.00222458
67,272,-10,0.00222458
67,272,-8,0.00222458
66,272,-6,0.004412603
66,272,-4,0.004412603
66,272,-2,0.004412603
66,272,0,0.004412603
66,272,2,0.004412603
62,272,4,0.00482949
62,272,6,0.00482949
58,272,8,0.002283873
58,272,10,0.002283873
58,272,12,0.002283873
58,272,14,0.002283873
68,272,18,0.004352891
68,272,22,0.004352891
68,272,24,0.004352891
68,272,26,0.004352891
68,272,28,0.004352891
68,272,30,0.004352891
71,272,48,0.003080391
69,272,58,0.00392684
69,272,60,0.00392684
65,274,-30,0.004545693
64,274,-28,0.003116652
64,274,-26,0.003116652
64,274,-24,0.003116652
64,274,-22,0.003116652
70,274,-20,0.003686102
70,274,-18,0.003686102
70,274,-16,0.003686102
67,274,-14,0.00222458
67,274,-12,0.00222458
67,274,-10,0.00222458
67,274,-8,0.00222458
66,274,-6,0.004412603
66,274,-4,0.004412603
66,274,-2,0.004412603
66,274,0,0.004412603
62,274,2,0.00482949
62,274,4,0.00482949
62,274,6,0.00482949
58,274,8,0.002283873
58,274,10,0.002283873
58,274,12,0.002283873
72,274,18,0.003349186
68,274,20,0.004352891
68,274,22,0.004352891
68,274,24,0.004352891
68,274,26,0.004352891
68,274,28,0.004352891
68,274,30,0.004352891
71,274,44,0.003080391
71,274,46,0.003080391
71,274,48,0.003080391
69,274,58,0.00392684
69,274,60,0.00392684
64,276,-30,0.003116652
64,276,-28,0.003116652
64,276,-26,0.003116652
64,276,-24,0.003116652
70,276,-22,0.003686102
70,276,-20,0.003686102
70,276,-18,0.003686102
70,276,-16,0.003686102
67,276,-14,0.00222458
67,276,-12,0.00222458
67,276,-10,0.00222458
73,276,-8,0.006045387
73,276,-6,0.006045387
73,276,-4,0.006045387
73,276,-2,0.006045387
66,276,0,0.004412603
62,276,2,0.00482949
62,276,4,0.00482949
62,276,6,0.00482949
58,276,8,0.002283873
58,276,10,0.002283873
72,276,18,0.003349186
72,276,20,0.003349186
68,276,22,0.004352891
68,276,24,0.004352891
68,276,26,0.004352891
68,276,28,0.004352891
68,276,30,0.004352891
71,276,46,0.003080391
71,276,48,0.003080391
69,276,56,0.00392684
69,276,58,0.00392684
69,276,60,0.00392684
64,278,-30,0.003116652
64,278,-28,0.003116652
64,278,-26,0.003116652
70,278,-24,0.003686102
70,278,-22,0.003686102
70,278,-20,0.003686102
70,278,-18,0.003686102
70,278,-16,0.003686102
67,278,-14,0.00222458
67,278,-12,0.00222458
73,278,-10,0.006045387
73,278,-8,0.006045387
73,278,-6,0.006045387
73,278,-4,0.006045387
73,278,-2,0.006045387
62,278,0,0.00482949
62,278,2,0.00482949
62,278,4,0.00482949
58,278,6,0.002283873
58,278,8,0.002283873
72,278,10,0.003349186
72,278,12,0.003349186
72,278,14,0.003349186
72,278,16,0.003349186
72,278,18,0.003349186
72,278,20,0.003349186
68,278,22,0.004352891
68,278,24,0.004352891
68,278,26,0.004352891
68,278,28,0.004352891
71,278,42,0.003080391
71,278,44,0.003080391
71,278,46,0.003080391
69,278,54,0.00392684
69,278,56,0.00392684
69,278,58,0.00392684
69,278,60,0.00392684
64,280,-30,0.003116652
64,280,-28,0.003116652
70,280,-26,0.003686102
70,280,-24,0.003686102
70,280,-22,0.003686102
70,280,-20,0.003686102
70,280,-18,0.003686102
67,280,-16,0.00222458
67,280,-14,0.00222458
73,280,-12,0.006045387
73,280,-10,0.006045387
73,280,-8,0.006045387
73,280,-6,0.006045387
73,280,-2,0.006045387
62,280,0,0.00482949
62,280,2,0.00482949
58,280,4,0.002283873
58,280,6,0.002283873
58,280,8,0.002283873
72,280,10,0.003349186
72,280,12,0.003349186
72,280,14,0.003349186
72,280,16,0.003349186
72,280,18,0.003349186
72,280,20,0.003349186
68,280,22,0.004352891
68,280,24,0.004352891
68,280,26,0.004352891
68,280,28,0.004352891
68,280,30,0.004352891
68,280,32,0.004352891
71,280,42,0.003080391
71,280,44,0.003080391
71,280,46,0.003080391
69,280,52,0.00392684
69,280,54,0.00392684
69,280,56,0.00392684
69,280,58,0.00392684
69,280,60,0.00392684
70,282,-30,0.003686102
70,282,-28,0.003686102
70,282,-26,0.003686102
70,282,-24,0.003686102
70,282,-22,0.003686102
70,282,-20,0.003686102
70,282,-18,0.003686102
74,282,-16,0.004545477
74,282,-14,0.004545477
73,282,-12,0.006045387
73,282,-10,0.006045387
58,282,4,0.002283873
58,282,6,0.002283873
72,282,8,0.003349186
72,282,10,0.003349186
72,282,12,0.003349186
72,282,14,0.003349186
72,282,16,0.003349186
72,282,18,0.003349186
72,282,20,0.003349186
68,282,22,0.004352891
68,282,24,0.004352891
68,282,26,0.004352891
68,282,28,0.004352891
68,282,30,0.004352891
68,282,32,0.004352891
68,282,34,0.004352891
71,282,44,0.003080391
69,282,56,0.00392684
69,282,58,0.00392684
69,282,60,0.00392684
70,284,-30,0.003686102
70,284,-28,0.003686102
70,284,-26,0.003686102
70,284,-24,0.003686102
70,284,-22,0.003686102
70,284,-20,0.003686102
74,284,-18,0.004545477
74,284,-16,0.004545477
74,284,-14,0.004545477
73,284,-12,0.006045387
72,284,10,0.003349186
72,284,12,0.003349186
72,284,14,0.003349186
72,284,16,0.003349186
72,284,18,0.003349186
72,284,20,0.003349186
72,284,22,0.003349186
68,284,24,0.004352891
68,284,26,0.004352891
68,284,28,0.004352891
68,284,30,0.004352891
68,284,32,0.004352891
68,284,34,0.004352891
75,284,36,0.003690811
75,284,38,0.003690811
75,284,40,0.003690811
71,284,44,0.003080391
70,286,-30,0.003686102
70,286,-28,0.003686102
70,286,-26,0.003686102
70,286,-24,0.003686102
70,286,-22,0.003686102
74,286,-20,0.004545477
74,286,-18,0.004545477
74,286,-16,0.004545477
72,286,12,0.003349186
72,286,14,0.003349186
72,286,16,0.003349186
72,286,18,0.003349186
72,286,20,0.003349186
72,286,22,0.003349186
68,286,24,0.004352891
68,286,26,0.004352891
68,286,28,0.004352891
68,286,30,0.004352891
68,286,32,0.004352891
68,286,34,0.004352891
75,286,36,0.003690811
75,286,38,0.003690811
75,286,40,0.003690811
70,288,-30,0.003686102
70,288,-28,0.003686102
70,288,-26,0.003686102
74,288,-24,0.004545477
74,288,-22,0.004545477
74,288,-20,0.004545477
74,288,-18,0.004545477
74,288,-16,0.004545477
72,288,14,0.003349186
72,288,16,0.003349186
72,288,18,0.003349186
72,288,20,0.003349186
72,288,22,0.003349186
72,288,24,0.003349186
68,288,26,0.004352891
68,288,28,0.004352891
68,288,30,0.004352891
68,288,32,0.004352891
68,288,34,0.004352891
68,288,36,0.004352891
75,288,38,0.003690811
75,288,40,0.003690811
75,288,42,0.003690811
74,290,-26,0.004545477
74,290,-24,0.004545477
74,290,-22,0.004545477
74,290,-20,0.004545477
74,290,-18,0.004545477
72,290,12,0.003349186
72,290,14,0.003349186
72,290,16,0.003349186
72,290,18,0.003349186
72,290,20,0.003349186
72,290,22,0.003349186
72,290,24,0.003349186
68,290,26,0.004352891
68,290,28,0.004352891
68,290,30,0.004352891
68,290,32,0.004352891
68,290,34,0.004352891
5,290,36,0.003994014
75,290,38,0.003690811
75,290,40,0.003690811
75,290,42,0.003690811
75,290,44,0.003690811
