X,Y,Z0
124.0,-16.0,1.0062263011932373
124.0,-14.0,1.006917119026184
124.0,-12.0,1.006833791732788
124.0,-10.0,1.0070796012878418
124.0,-8.0,1.0077199935913086
124.0,-6.0,1.0071780681610107
124.0,-4.0,1.0074950456619263
124.0,-2.0,1.0076282024383545
124.0,0.0,1.0090609788894653
124.0,2.0,1.0094975233078003
124.0,4.0,1.0092804431915283
124.0,6.0,1.00810968875885
124.0,8.0,1.0086135864257812
124.0,10.0,1.0098975896835327
124.0,12.0,1.0093940496444702
124.0,14.0,1.0081572532653809
124.0,16.0,1.0066277980804443
124.0,18.0,1.005863070487976
124.0,20.0,1.0060452222824097
124.0,22.0,1.0073800086975098
124.0,24.0,1.0084744691848755
124.0,26.0,1.0125563144683838
124.0,28.0,1.0213431119918823
124.0,30.0,1.029008388519287
124.0,32.0,1.0271861553192139
124.0,34.0,1.024740219116211
124.0,36.0,1.0248284339904785
124.0,38.0,1.0317926406860352
124.0,40.0,1.0383822917938232
126.0,-14.0,1.0067611932754517
126.0,-12.0,1.0068938732147217
126.0,-10.0,1.0064774751663208
126.0,-8.0,1.0058422088623047
126.0,-6.0,1.0061033964157104
126.0,-4.0,1.0062369108200073
126.0,-2.0,1.007459282875061
126.0,0.0,1.0082966089248657
126.0,2.0,1.008243203163147
126.0,4.0,1.0084919929504395
126.0,6.0,1.007162094116211
126.0,10.0,1.007116675376892
126.0,12.0,1.0072171688079834
126.0,14.0,1.006386399269104
126.0,16.0,1.0062302350997925
126.0,18.0,1.0064723491668701
126.0,20.0,1.0075709819793701
126.0,22.0,1.0082776546478271
126.0,24.0,1.0086148977279663
126.0,26.0,1.0081628561019897
126.0,28.0,1.0109864473342896
126.0,30.0,1.0139728784561157
126.0,32.0,1.0129302740097046
126.0,34.0,1.0128123760223389
126.0,36.0,1.0168683528900146
126.0,38.0,1.0280920267105103
126.0,40.0,1.0346060991287231
128.0,-12.0,1.006382703781128
128.0,-10.0,1.0056779384613037
128.0,-8.0,1.0047211647033691
128.0,-6.0,1.0049378871917725
128.0,-4.0,1.0056322813034058
128.0,-2.0,1.0068438053131104
128.0,0.0,1.0078580379486084
128.0,2.0,1.008117437362671
128.0,4.0,1.0068227052688599
128.0,6.0,1.005056381225586
128.0,8.0,1.0031483173370361
128.0,10.0,1.0035494565963745
128.0,12.0,1.0045892000198364
128.0,14.0,1.0044887065887451
128.0,16.0,1.0043354034423828
128.0,18.0,1.005763053894043
128.0,20.0,1.0071046352386475
128.0,22.0,1.0092016458511353
128.0,24.0,1.0084069967269897
128.0,26.0,1.007551908493042
128.0,28.0,1.004590392112732
128.0,30.0,1.0017563104629517
128.0,32.0,0.9980747699737549
128.0,34.0,0.9958258271217346
130.0,-14.0,1.0064789056777954
130.0,-12.0,1.005937099456787
130.0,-10.0,1.0054377317428589
130.0,-8.0,1.0050915479660034
130.0,-6.0,1.0045326948165894
130.0,-4.0,1.0051674842834473
130.0,-2.0,1.0055593252182007
130.0,0.0,1.0077252388000488
130.0,2.0,1.0098156929016113
130.0,4.0,1.0072463750839233
130.0,6.0,1.0042415857315063
130.0,8.0,1.0029795169830322
130.0,10.0,1.0019522905349731
130.0,12.0,1.0023748874664307
130.0,14.0,1.0031667947769165
130.0,16.0,1.0043364763259888
130.0,18.0,1.0041308403015137
130.0,20.0,1.0054153203964233
130.0,22.0,1.0065950155258179
130.0,24.0,1.0075384378433228
130.0,26.0,1.00737726688385
130.0,28.0,1.0041472911834717
130.0,30.0,0.9986838102340698
130.0,32.0,0.9925606846809387
130.0,34.0,0.9913343191146851
130.0,36.0,0.9923267364501953
130.0,38.0,1.0020321607589722
130.0,40.0,1.014577865600586
130.0,42.0,1.0203725099563599
132.0,-12.0,1.0069928169250488
132.0,-10.0,1.0065464973449707
132.0,-8.0,1.006431221961975
132.0,-6.0,1.0038211345672607
132.0,-4.0,1.0040185451507568
132.0,-2.0,1.0060337781906128
132.0,0.0,1.0082775354385376
132.0,2.0,1.0085358619689941
132.0,4.0,1.0059758424758911
132.0,6.0,1.0027439594268799
132.0,8.0,1.0024139881134033
132.0,10.0,1.0006948709487915
132.0,12.0,1.000900149345398
132.0,14.0,1.0016728639602661
132.0,16.0,1.0031102895736694
132.0,18.0,1.0030341148376465
132.0,20.0,1.003745198249817
132.0,22.0,1.0052530765533447
132.0,24.0,1.0078331232070923
132.0,26.0,1.007209062576294
132.0,28.0,1.0050818920135498
132.0,30.0,0.9993745684623718
132.0,32.0,0.9932141900062561
132.0,34.0,0.9909635782241821
132.0,36.0,0.9941255450248718
132.0,38.0,1.0023667812347412
132.0,40.0,1.0146783590316772
132.0,42.0,1.020198941230774
134.0,-10.0,1.0065730810165405
134.0,-8.0,1.0062800645828247
134.0,-6.0,1.0041333436965942
134.0,-4.0,1.0036391019821167
134.0,-2.0,1.0063008069992065
134.0,0.0,1.0077738761901855
134.0,2.0,1.006809115409851
134.0,4.0,1.0032989978790283
134.0,6.0,1.0014702081680298
134.0,8.0,1.0006616115570068
134.0,10.0,1.0004743337631226
134.0,12.0,1.000002384185791
134.0,14.0,1.0009139776229858
134.0,16.0,1.001870036125183
134.0,18.0,1.0021743774414062
134.0,20.0,1.0030286312103271
134.0,22.0,1.0049381256103516
134.0,24.0,1.0078493356704712
134.0,26.0,1.0076236724853516
134.0,28.0,1.0059560537338257
134.0,30.0,1.000542163848877
134.0,32.0,0.9942616820335388
134.0,34.0,0.9922093749046326
134.0,36.0,0.9934672117233276
134.0,38.0,0.9987868666648865
134.0,40.0,1.0102059841156006
134.0,42.0,1.016028881072998
136.0,-10.0,1.0076265335083008
136.0,-8.0,1.0060347318649292
136.0,-6.0,1.0038084983825684
136.0,-4.0,1.0027751922607422
136.0,-2.0,1.0061722993850708
136.0,0.0,1.00660240650177
136.0,2.0,1.0045838356018066
136.0,4.0,1.0015641450881958
136.0,6.0,0.999528706073761
136.0,8.0,0.9995604157447815
136.0,10.0,0.9998127222061157
136.0,12.0,1.0006369352340698
136.0,14.0,1.000221610069275
136.0,16.0,1.0016926527023315
136.0,18.0,1.0033831596374512
136.0,20.0,1.0033894777297974
136.0,22.0,1.0060032606124878
136.0,24.0,1.0069169998168945
136.0,26.0,1.0059767961502075
136.0,28.0,1.0035347938537598
136.0,30.0,0.9997596144676208
136.0,32.0,0.9952941536903381
136.0,34.0,0.9941933155059814
136.0,36.0,0.994757890701294
136.0,38.0,0.9980700612068176
136.0,40.0,1.0059237480163574
136.0,42.0,1.0115017890930176
136.0,44.0,1.0116026401519775
138.0,-14.0,1.009781002998352
138.0,-12.0,1.009147047996521
138.0,-10.0,1.0081948041915894
138.0,-8.0,1.0058075189590454
138.0,-6.0,1.0040616989135742
138.0,0.0,1.0042568445205688
138.0,2.0,1.0025984048843384
138.0,4.0,0.9991537928581238
138.0,6.0,0.9988012313842773
138.0,8.0,0.9983908534049988
138.0,10.0,0.998721718788147
138.0,12.0,1.0006238222122192
138.0,14.0,1.0002552270889282
138.0,16.0,1.0016179084777832
138.0,18.0,1.0036932229995728
138.0,20.0,1.004830002784729
138.0,22.0,1.0050837993621826
138.0,24.0,1.0053532123565674
138.0,26.0,1.0041043758392334
138.0,28.0,1.000495195388794
138.0,30.0,0.9982016682624817
138.0,32.0,0.9961873292922974
138.0,34.0,0.9940287470817566
138.0,38.0,0.9989173412322998
138.0,40.0,1.004159688949585
138.0,42.0,1.0092071294784546
138.0,44.0,1.011575698852539
138.0,46.0,1.0069772005081177
138.0,54.0,1.0250847339630127
138.0,56.0,1.0021607875823975
140.0,-16.0,1.0082402229309082
140.0,-14.0,1.0076212882995605
140.0,-12.0,1.007758617401123
140.0,-10.0,1.0061901807785034
140.0,-8.0,1.005098581314087
140.0,-2.0,1.0034481287002563
140.0,0.0,1.0032639503479004
140.0,2.0,1.0008128881454468
140.0,4.0,0.9980824589729309
140.0,6.0,0.9977131485939026
140.0,8.0,0.9987359046936035
140.0,10.0,0.9989866018295288
140.0,12.0,1.0002931356430054
140.0,14.0,1.000871181488037
140.0,16.0,1.0020880699157715
140.0,18.0,1.0037444829940796
140.0,20.0,1.0056716203689575
140.0,22.0,1.0051703453063965
140.0,24.0,1.0049899816513062
140.0,26.0,1.0036606788635254
140.0,28.0,0.9995886087417603
140.0,30.0,0.9979712963104248
140.0,32.0,0.9975736141204834
140.0,34.0,0.9961200952529907
140.0,36.0,0.996721625328064
140.0,40.0,1.004701852798462
140.0,42.0,1.0098931789398193
140.0,44.0,1.0108060836791992
140.0,46.0,1.0052273273468018
140.0,48.0,0.9996678829193115
140.0,54.0,1.0126137733459473
140.0,56.0,1.0058060884475708
140.0,58.0,1.0028655529022217
142.0,-16.0,1.0054160356521606
142.0,-14.0,1.0050500631332397
142.0,-12.0,1.0032418966293335
142.0,-10.0,1.0034316778182983
142.0,-2.0,1.002597689628601
142.0,0.0,1.0013923645019531
142.0,2.0,0.9993343949317932
142.0,4.0,0.9977864623069763
142.0,6.0,0.9980812072753906
142.0,8.0,0.9979986548423767
142.0,10.0,0.9994863867759705
142.0,12.0,1.000177264213562
142.0,14.0,1.0012634992599487
142.0,16.0,1.0028984546661377
142.0,18.0,1.00441312789917
142.0,20.0,1.0051239728927612
142.0,22.0,1.0045822858810425
142.0,24.0,1.0044429302215576
142.0,26.0,1.0031899213790894
142.0,28.0,1.0006742477416992
142.0,30.0,0.999837338924408
142.0,32.0,0.9987995028495789
142.0,34.0,0.9970340132713318
142.0,36.0,0.9971320629119873
142.0,38.0,1.0010923147201538
142.0,42.0,1.009807825088501
142.0,44.0,1.0087592601776123
142.0,46.0,1.0017415285110474
142.0,48.0,0.9944196343421936
142.0,50.0,1.0175777673721313
142.0,52.0,1.0392049551010132
142.0,54.0,1.0187339782714844
142.0,56.0,1.0071355104446411
142.0,58.0,1.0051223039627075
144.0,-12.0,1.0009145736694336
144.0,-10.0,0.9998533129692078
144.0,-8.0,0.9975811243057251
144.0,-2.0,0.9999575018882751
144.0,0.0,1.0007554292678833
144.0,2.0,0.9985892176628113
144.0,4.0,0.9973756074905396
144.0,6.0,0.9974132776260376
144.0,8.0,0.9987564086914062
144.0,10.0,0.9995931386947632
144.0,12.0,1.0010313987731934
144.0,14.0,1.0019314289093018
144.0,16.0,1.0021589994430542
144.0,18.0,1.0048004388809204
144.0,20.0,1.0050548315048218
144.0,22.0,1.0048601627349854
144.0,24.0,1.0049222707748413
144.0,26.0,1.0053569078445435
144.0,28.0,1.003272294998169
144.0,30.0,1.0015193223953247
144.0,32.0,1.0005571842193604
144.0,34.0,0.998479962348938
144.0,36.0,0.9967643618583679
144.0,38.0,0.9987196922302246
144.0,40.0,1.0028867721557617
144.0,42.0,1.005932092666626
144.0,46.0,1.019791841506958
144.0,48.0,1.0204291343688965
144.0,50.0,1.008046269416809
144.0,52.0,1.0139529705047607
144.0,54.0,1.0158025026321411
144.0,56.0,1.0080479383468628
144.0,58.0,1.0027837753295898
144.0,60.0,0.9991252422332764
146.0,-16.0,1.001220941543579
146.0,-14.0,1.0000560283660889
146.0,-12.0,1.000218152999878
146.0,-10.0,0.9987878799438477
146.0,-8.0,0.9980436563491821
146.0,-4.0,0.9999477863311768
146.0,-2.0,1.0006239414215088
146.0,0.0,1.0003074407577515
146.0,2.0,0.9987983107566833
146.0,4.0,0.9985427260398865
146.0,6.0,0.9982790350914001
146.0,8.0,0.9997235536575317
146.0,10.0,0.999974250793457
146.0,12.0,1.0011483430862427
146.0,14.0,1.0007554292678833
146.0,16.0,1.0020791292190552
146.0,18.0,1.0031119585037231
146.0,20.0,1.0038673877716064
146.0,22.0,1.0041344165802002
146.0,24.0,1.0047508478164673
146.0,26.0,1.0055646896362305
146.0,28.0,1.0051692724227905
146.0,30.0,1.0036197900772095
146.0,32.0,1.001871109008789
146.0,34.0,0.9978405833244324
146.0,36.0,0.996403157711029
146.0,38.0,0.9971871972084045
146.0,40.0,0.9985415935516357
146.0,42.0,0.9993581175804138
146.0,44.0,0.9981033205986023
146.0,46.0,1.0036306381225586
146.0,48.0,1.006376028060913
146.0,50.0,1.011085033416748
146.0,52.0,1.0153734683990479
146.0,54.0,1.016812801361084
146.0,56.0,1.0081026554107666
146.0,58.0,1.0013824701309204
146.0,60.0,0.9732968211174011
148.0,-18.0,1.0030097961425781
148.0,-16.0,1.001647710800171
148.0,-14.0,0.9998576641082764
148.0,-12.0,0.9998711347579956
148.0,-10.0,0.999912679195404
148.0,-6.0,0.9996075630187988
148.0,-4.0,1.0006569623947144
148.0,-2.0,1.00093412399292
148.0,0.0,1.0001063346862793
148.0,2.0,0.9998903870582581
148.0,4.0,0.9984763264656067
148.0,6.0,0.9986238479614258
148.0,8.0,1.0005755424499512
148.0,10.0,1.0007543563842773
148.0,12.0,1.0008654594421387
148.0,14.0,1.000891089439392
148.0,16.0,1.0012580156326294
148.0,18.0,1.0028252601623535
148.0,20.0,1.002724289894104
148.0,22.0,1.0036225318908691
148.0,24.0,1.0045748949050903
148.0,26.0,1.0061789751052856
148.0,28.0,1.006048560142517
148.0,30.0,1.006269931793213
148.0,32.0,1.0023576021194458
148.0,34.0,0.9979550242424011
148.0,36.0,0.9945148825645447
148.0,38.0,0.9931008219718933
148.0,40.0,0.995599627494812
148.0,42.0,0.9966541528701782
148.0,44.0,0.9936166405677795
148.0,46.0,0.9965152144432068
148.0,48.0,1.0007250308990479
148.0,50.0,1.0124698877334595
148.0,52.0,1.0162358283996582
148.0,54.0,1.0118186473846436
148.0,56.0,1.0084019899368286
148.0,58.0,1.000221610069275
148.0,60.0,0.9773049354553223
150.0,-22.0,1.0049232244491577
150.0,-20.0,1.0036613941192627
150.0,-18.0,1.002359390258789
150.0,-16.0,1.0011018514633179
150.0,-14.0,0.9992203116416931
150.0,-12.0,0.9991979002952576
150.0,-10.0,0.9995110630989075
150.0,-8.0,0.9983435869216919
150.0,-6.0,1.0002198219299316
150.0,-4.0,1.0010690689086914
150.0,-2.0,1.0013264417648315
150.0,0.0,1.0003361701965332
150.0,2.0,1.0001649856567383
150.0,4.0,0.9982917904853821
150.0,6.0,0.9982167482376099
150.0,8.0,1.0003798007965088
150.0,10.0,1.0005919933319092
150.0,12.0,1.000321865081787
150.0,14.0,1.0006732940673828
150.0,16.0,1.0014076232910156
150.0,18.0,1.001862645149231
150.0,20.0,1.0024681091308594
150.0,22.0,1.003888487815857
150.0,24.0,1.004128336906433
150.0,26.0,1.0077245235443115
150.0,28.0,1.0098412036895752
150.0,30.0,1.009065866470337
150.0,32.0,1.004841685295105
150.0,34.0,0.9994670152664185
150.0,36.0,0.9938946962356567
150.0,38.0,0.9923632740974426
150.0,40.0,0.9941516518592834
150.0,42.0,0.9978410601615906
150.0,44.0,0.9968245625495911
150.0,46.0,0.9933784604072571
150.0,48.0,0.9933857321739197
150.0,50.0,1.000256896018982
150.0,52.0,1.0075489282608032
150.0,54.0,1.008556842803955
150.0,56.0,1.004768967628479
150.0,58.0,1.006157636642456
150.0,60.0,1.0074689388275146
152.0,-22.0,1.0046652555465698
152.0,-20.0,1.004206895828247
152.0,-18.0,1.0025066137313843
152.0,-16.0,1.0003948211669922
152.0,-14.0,0.9993414878845215
152.0,-12.0,0.9991881251335144
152.0,-10.0,0.9989502429962158
152.0,-8.0,0.9986525774002075
152.0,-6.0,1.0000089406967163
152.0,-4.0,1.0011183023452759
152.0,-2.0,1.0020005702972412
152.0,0.0,1.0015069246292114
152.0,2.0,1.0004879236221313
152.0,4.0,0.9987244009971619
152.0,6.0,0.9987388849258423
152.0,8.0,0.9995266795158386
152.0,10.0,1.0003260374069214
152.0,12.0,1.0004695653915405
152.0,14.0,1.0001121759414673
152.0,16.0,1.0008164644241333
152.0,18.0,1.0014898777008057
152.0,20.0,1.002265214920044
152.0,22.0,1.0028108358383179
152.0,24.0,1.0051790475845337
152.0,26.0,1.0093075037002563
152.0,28.0,1.0116149187088013
152.0,30.0,1.0099581480026245
152.0,32.0,1.0058391094207764
152.0,34.0,1.0005110502243042
152.0,36.0,0.9956807494163513
152.0,38.0,0.9951115846633911
152.0,40.0,0.9970766305923462
152.0,42.0,1.0011271238327026
152.0,44.0,1.001391887664795
152.0,46.0,0.9959383606910706
152.0,48.0,0.9932080507278442
152.0,50.0,0.9954886436462402
152.0,52.0,1.002311110496521
152.0,54.0,1.005537748336792
152.0,56.0,1.0033645629882812
152.0,58.0,1.0024751424789429
152.0,60.0,1.01235032081604
154.0,-30.0,1.0088011026382446
154.0,-28.0,1.0087807178497314
154.0,-26.0,1.0074876546859741
154.0,-24.0,1.0058650970458984
154.0,-22.0,1.004697322845459
154.0,-20.0,1.0031170845031738
154.0,-18.0,1.002342939376831
154.0,-16.0,1.000399112701416
154.0,-14.0,0.9989036917686462
154.0,-12.0,0.9988605976104736
154.0,-10.0,0.9990919828414917
154.0,-8.0,0.9984659552574158
154.0,-6.0,1.0006091594696045
154.0,-4.0,1.0016525983810425
154.0,-2.0,1.0011074542999268
154.0,0.0,1.0012577772140503
154.0,2.0,0.9999117851257324
154.0,4.0,0.9985744953155518
154.0,6.0,0.9979346990585327
154.0,8.0,0.9984670281410217
154.0,10.0,0.999329686164856
154.0,12.0,0.9996628761291504
154.0,14.0,0.9997053742408752
154.0,16.0,1.0002058744430542
154.0,18.0,1.0004863739013672
154.0,20.0,1.001778483390808
154.0,22.0,1.0035008192062378
154.0,24.0,1.0065157413482666
154.0,26.0,1.0099785327911377
154.0,28.0,1.0119059085845947
154.0,30.0,1.0097455978393555
154.0,32.0,1.0063108205795288
154.0,34.0,1.0016427040100098
154.0,36.0,0.9991249442100525
154.0,38.0,0.9978535175323486
154.0,40.0,0.9994854927062988
154.0,42.0,1.0042952299118042
154.0,44.0,1.0054715871810913
154.0,46.0,1.0031219720840454
154.0,48.0,0.9983077645301819
154.0,50.0,0.9986318349838257
154.0,52.0,1.001463770866394
154.0,54.0,1.0030211210250854
154.0,56.0,1.0038387775421143
154.0,58.0,1.001212477684021
156.0,-30.0,1.0090264081954956
156.0,-28.0,1.0095877647399902
156.0,-26.0,1.0078582763671875
156.0,-24.0,1.0062309503555298
156.0,-22.0,1.003791332244873
156.0,-20.0,1.0032203197479248
156.0,-18.0,1.0018924474716187
156.0,-16.0,1.0000593662261963
156.0,-14.0,0.9991307258605957
156.0,-12.0,0.9993194341659546
156.0,-10.0,0.9989397525787354
156.0,-8.0,1.0001227855682373
156.0,-6.0,1.0015277862548828
156.0,-4.0,1.0022661685943604
156.0,-2.0,1.0019415616989136
156.0,0.0,1.0011711120605469
156.0,2.0,1.0002036094665527
156.0,4.0,0.9985244870185852
156.0,6.0,0.9980535507202148
156.0,8.0,0.9976038932800293
156.0,10.0,0.9993099570274353
156.0,12.0,0.99913489818573
156.0,14.0,0.9996771812438965
156.0,16.0,0.999994695186615
156.0,18.0,0.999974250793457
156.0,20.0,1.0022865533828735
156.0,22.0,1.003037452697754
156.0,24.0,1.0056450366973877
156.0,26.0,1.0081796646118164
156.0,28.0,1.0106555223464966
156.0,30.0,1.0068416595458984
156.0,32.0,1.00490403175354
156.0,34.0,1.0020573139190674
156.0,36.0,0.999828040599823
156.0,38.0,0.9988980293273926
156.0,40.0,0.9990826845169067
156.0,42.0,1.0045223236083984
156.0,44.0,1.008440375328064
156.0,46.0,1.0081461668014526
156.0,48.0,1.003431797027588
156.0,50.0,1.0003985166549683
156.0,52.0,1.0016008615493774
156.0,54.0,1.0054819583892822
156.0,56.0,1.0131275653839111
156.0,58.0,1.0015661716461182
156.0,60.0,1.0042455196380615
158.0,-30.0,1.0105243921279907
158.0,-28.0,1.0108628273010254
158.0,-26.0,1.008947730064392
158.0,-24.0,1.0053966045379639
158.0,-22.0,1.0033934116363525
158.0,-20.0,1.0019155740737915
158.0,-18.0,1.0010793209075928
158.0,-16.0,0.9992687702178955
158.0,-14.0,0.9982075691223145
158.0,-12.0,0.9986929297447205
158.0,-10.0,0.9989155530929565
158.0,-8.0,1.0012983083724976
158.0,-6.0,1.0014411211013794
158.0,-4.0,1.0029809474945068
158.0,-2.0,1.0025798082351685
158.0,0.0,1.0036896467208862
158.0,2.0,1.0006937980651855
158.0,4.0,0.9984042048454285
158.0,6.0,0.9973883628845215
158.0,8.0,0.9977591633796692
158.0,10.0,0.9982762336730957
158.0,12.0,0.9983747601509094
158.0,14.0,0.9989874958992004
158.0,16.0,0.999048113822937
158.0,18.0,0.9993249773979187
158.0,20.0,1.0013060569763184
158.0,22.0,1.0028445720672607
158.0,24.0,1.0043286085128784
158.0,26.0,1.0069646835327148
158.0,28.0,1.0069643259048462
158.0,30.0,1.0045650005340576
158.0,32.0,1.0010510683059692
158.0,34.0,0.9992852807044983
158.0,36.0,0.9980071783065796
158.0,38.0,0.9986891746520996
158.0,40.0,0.9994352459907532
158.0,42.0,1.0036784410476685
158.0,44.0,1.0075751543045044
158.0,46.0,1.0088175535202026
158.0,48.0,1.0061120986938477
158.0,50.0,1.0009995698928833
158.0,52.0,0.9974030256271362
158.0,60.0,0.9991114735603333
160.0,-30.0,1.011212706565857
160.0,-28.0,1.0120822191238403
160.0,-26.0,1.008529782295227
160.0,-24.0,1.0061068534851074
160.0,-22.0,1.0043017864227295
160.0,-20.0,1.0017449855804443
160.0,-18.0,1.001212477684021
160.0,-16.0,0.9994601607322693
160.0,-14.0,0.9985634684562683
160.0,-12.0,0.9994748830795288
160.0,-10.0,1.0005292892456055
160.0,-8.0,1.0019619464874268
160.0,-6.0,1.002568006515503
160.0,-4.0,1.0029751062393188
160.0,-2.0,1.0034092664718628
160.0,0.0,1.0028706789016724
160.0,2.0,1.0013728141784668
160.0,4.0,0.9995542764663696
160.0,6.0,0.9969813227653503
160.0,8.0,0.9966354370117188
160.0,10.0,0.9976797103881836
160.0,12.0,0.9985430240631104
160.0,14.0,0.999049961566925
160.0,16.0,0.9987471699714661
160.0,18.0,0.9990803003311157
160.0,20.0,1.0017292499542236
160.0,22.0,1.0031708478927612
160.0,24.0,1.0049211978912354
160.0,26.0,1.0068422555923462
160.0,28.0,1.0062882900238037
160.0,30.0,1.001295566558838
160.0,32.0,0.997395932674408
160.0,34.0,0.9967070817947388
160.0,36.0,0.9941155314445496
160.0,38.0,0.9931576251983643
160.0,40.0,0.9949920177459717
160.0,42.0,0.9999108910560608
160.0,44.0,1.0048856735229492
160.0,46.0,1.0078513622283936
160.0,48.0,1.0056991577148438
160.0,50.0,1.0019739866256714
160.0,52.0,1.000466227531433
160.0,54.0,0.9982264041900635
160.0,60.0,0.9999700784683228
162.0,-30.0,1.0126537084579468
162.0,-28.0,1.0118780136108398
162.0,-26.0,1.0085235834121704
162.0,-24.0,1.0054595470428467
162.0,-22.0,1.0032918453216553
162.0,-20.0,1.0010603666305542
162.0,-18.0,1.0005711317062378
162.0,-16.0,0.9998651742935181
162.0,-14.0,0.9992397427558899
162.0,-12.0,0.9998486042022705
162.0,-10.0,1.0006842613220215
162.0,-8.0,1.0012620687484741
162.0,-6.0,1.002725601196289
162.0,-4.0,1.0037217140197754
162.0,-2.0,1.0032356977462769
162.0,0.0,1.0029178857803345
162.0,2.0,1.0018024444580078
162.0,4.0,0.9998525977134705
162.0,6.0,0.9978049993515015
162.0,8.0,0.9966610670089722
162.0,10.0,0.9970256686210632
162.0,12.0,0.9981784224510193
162.0,14.0,0.9990501403808594
162.0,16.0,0.9984278082847595
162.0,18.0,0.9989413022994995
162.0,20.0,1.0015323162078857
162.0,22.0,1.0031465291976929
162.0,24.0,1.004265546798706
162.0,26.0,1.005590796470642
162.0,28.0,1.0050015449523926
162.0,30.0,0.9994610548019409
162.0,32.0,0.9969171285629272
162.0,34.0,0.99466472864151
162.0,36.0,0.9920365810394287
162.0,38.0,0.9901617765426636
162.0,40.0,0.9938846230506897
162.0,42.0,0.995554506778717
162.0,44.0,1.0019317865371704
162.0,46.0,1.0046279430389404
162.0,48.0,1.005353569984436
162.0,50.0,1.0014568567276
162.0,52.0,0.9996179938316345
162.0,54.0,0.9981243014335632
162.0,56.0,0.9962847828865051
164.0,-30.0,1.0120360851287842
164.0,-28.0,1.0104527473449707
164.0,-26.0,1.0069745779037476
164.0,-24.0,1.0044827461242676
164.0,-22.0,1.0021741390228271
164.0,-20.0,1.0000715255737305
164.0,-18.0,0.9996323585510254
164.0,-16.0,1.0000970363616943
164.0,-14.0,1.0005829334259033
164.0,-12.0,1.0006901025772095
164.0,-10.0,1.0017166137695312
164.0,-8.0,1.0025659799575806
164.0,-6.0,1.0038660764694214
164.0,-4.0,1.0044829845428467
164.0,-2.0,1.0035340785980225
164.0,0.0,1.0029301643371582
164.0,2.0,1.001725673675537
164.0,4.0,0.9997268915176392
164.0,6.0,0.9974167346954346
164.0,8.0,0.996632993221283
164.0,10.0,0.9967164993286133
164.0,12.0,0.9974607229232788
164.0,14.0,0.9980924725532532
164.0,16.0,0.9983908534049988
164.0,18.0,0.999020516872406
164.0,20.0,1.0009117126464844
164.0,22.0,1.002276062965393
164.0,24.0,1.003728985786438
164.0,26.0,1.003609538078308
164.0,28.0,1.0034109354019165
164.0,30.0,1.000174641609192
164.0,32.0,0.9972414970397949
164.0,34.0,0.9928115606307983
164.0,36.0,0.9899193048477173
164.0,38.0,0.9882635474205017
164.0,40.0,0.9889357686042786
164.0,42.0,0.9953964352607727
164.0,44.0,0.9993106126785278
164.0,46.0,1.0023962259292603
164.0,48.0,1.0029596090316772
164.0,50.0,1.000544786453247
164.0,52.0,0.9985694289207458
164.0,54.0,0.9973257184028625
164.0,56.0,0.9950282573699951
164.0,58.0,0.9884383678436279
164.0,60.0,0.9929004907608032
166.0,-30.0,1.0108059644699097
166.0,-28.0,1.0094363689422607
166.0,-26.0,1.0065879821777344
166.0,-24.0,1.0036653280258179
166.0,-22.0,1.0010569095611572
166.0,-20.0,0.9999548196792603
166.0,-18.0,0.9999051094055176
166.0,-16.0,1.000981330871582
166.0,-14.0,1.0016690492630005
166.0,-12.0,1.002761721611023
166.0,-10.0,1.0035629272460938
166.0,-8.0,1.0045571327209473
166.0,-6.0,1.0044151544570923
166.0,-4.0,1.005002737045288
166.0,-2.0,1.0049670934677124
166.0,0.0,1.0025296211242676
166.0,2.0,1.001466155052185
166.0,4.0,0.9988738894462585
166.0,6.0,0.9978925585746765
166.0,8.0,0.9973297119140625
166.0,10.0,0.9972677230834961
166.0,12.0,0.9966870546340942
166.0,14.0,0.9968766570091248
166.0,16.0,0.9977756142616272
166.0,18.0,0.9983508586883545
166.0,20.0,0.9998664855957031
166.0,22.0,1.0008854866027832
166.0,24.0,1.0022199153900146
166.0,26.0,1.0012333393096924
166.0,28.0,1.0017606019973755
166.0,30.0,0.9998179078102112
166.0,32.0,0.9973845481872559
166.0,34.0,0.9931386113166809
166.0,36.0,0.9880648851394653
166.0,38.0,0.9856415390968323
166.0,40.0,0.9883124828338623
166.0,42.0,0.994793713092804
166.0,44.0,1.000063419342041
166.0,46.0,1.0049381256103516
166.0,48.0,1.002136468887329
166.0,50.0,0.999762237071991
166.0,52.0,0.9992217421531677
166.0,54.0,0.9962418079376221
166.0,56.0,0.994300127029419
166.0,58.0,0.9886701703071594
166.0,60.0,0.9882423281669617
168.0,-30.0,1.0106905698776245
168.0,-28.0,1.0086926221847534
168.0,-26.0,1.0069189071655273
168.0,-24.0,1.0044413805007935
168.0,-22.0,1.001775860786438
168.0,-20.0,1.000739336013794
168.0,-18.0,1.0013033151626587
168.0,-16.0,1.001077651977539
168.0,-14.0,1.0021268129348755
168.0,-12.0,1.0044138431549072
168.0,-10.0,1.005252480506897
168.0,-8.0,1.0049772262573242
168.0,-6.0,1.0057255029678345
168.0,-4.0,1.0064080953598022
168.0,-2.0,1.0053752660751343
168.0,0.0,1.0021907091140747
168.0,2.0,1.0002344846725464
168.0,4.0,0.9991161823272705
168.0,6.0,0.9973621368408203
168.0,8.0,0.9972890615463257
168.0,10.0,0.9971094727516174
168.0,12.0,0.9962021708488464
168.0,14.0,0.9965188503265381
168.0,16.0,0.9966837763786316
168.0,18.0,0.9976997971534729
168.0,20.0,0.9994315505027771
168.0,22.0,0.9998062252998352
168.0,24.0,1.000442624092102
168.0,26.0,1.0016590356826782
168.0,28.0,1.0019980669021606
168.0,30.0,1.0000501871109009
168.0,32.0,0.9984971284866333
168.0,34.0,0.994531512260437
168.0,36.0,0.989517092704773
168.0,38.0,0.986332893371582
168.0,40.0,0.9865092635154724
168.0,42.0,0.9943023324012756
168.0,44.0,1.0002094507217407
168.0,46.0,1.0041176080703735
168.0,48.0,1.0027265548706055
168.0,50.0,0.9998865127563477
168.0,52.0,0.9972552061080933
168.0,54.0,0.9947594404220581
168.0,56.0,0.9913457036018372
168.0,58.0,0.9879115223884583
168.0,60.0,0.9897239804267883
170.0,-30.0,1.0106990337371826
170.0,-28.0,1.0099587440490723
170.0,-26.0,1.0069583654403687
170.0,-24.0,1.005261778831482
170.0,-22.0,1.0033748149871826
170.0,-20.0,1.0033572912216187
170.0,-18.0,1.0023384094238281
170.0,-16.0,1.0023741722106934
170.0,-14.0,1.0041453838348389
170.0,-12.0,1.0046820640563965
170.0,-10.0,1.0061242580413818
170.0,-8.0,1.0056312084197998
170.0,-6.0,1.0066075325012207
170.0,-4.0,1.0067312717437744
170.0,-2.0,1.003038763999939
170.0,0.0,1.0020980834960938
170.0,2.0,1.0011125802993774
170.0,4.0,0.9990959763526917
170.0,6.0,0.9976957440376282
170.0,8.0,0.9968092441558838
170.0,10.0,0.9962659478187561
170.0,12.0,0.9959355592727661
170.0,14.0,0.9951587319374084
170.0,16.0,0.9960889220237732
170.0,18.0,0.9976231455802917
170.0,20.0,0.9982760548591614
170.0,22.0,0.9992530941963196
170.0,24.0,1.0004242658615112
170.0,26.0,1.001855731010437
170.0,28.0,1.001806616783142
170.0,30.0,1.0008896589279175
170.0,32.0,0.9989668726921082
170.0,34.0,0.9962074160575867
170.0,36.0,0.9911030530929565
170.0,38.0,0.9872497916221619
170.0,40.0,0.9889863133430481
170.0,42.0,0.9944634437561035
170.0,44.0,1.002388596534729
170.0,46.0,1.0053588151931763
170.0,48.0,1.00568425655365
170.0,50.0,1.0028539896011353
170.0,52.0,1.0004160404205322
170.0,54.0,0.9955581426620483
170.0,56.0,0.9912554025650024
170.0,58.0,0.9879348278045654
170.0,60.0,0.9865065217018127
172.0,-30.0,1.009448766708374
172.0,-28.0,1.0081136226654053
172.0,-26.0,1.0062435865402222
172.0,-24.0,1.0055484771728516
172.0,-22.0,1.0033369064331055
172.0,-20.0,1.0025415420532227
172.0,-18.0,1.0024765729904175
172.0,-16.0,1.003195881843567
172.0,-14.0,1.0029560327529907
172.0,-12.0,1.0033403635025024
172.0,-10.0,1.0046372413635254
172.0,-8.0,1.0046159029006958
172.0,-6.0,1.005446195602417
172.0,-4.0,1.0040898323059082
172.0,-2.0,1.0030053853988647
172.0,0.0,1.0017979145050049
172.0,2.0,0.9996679425239563
172.0,4.0,0.9978850483894348
172.0,6.0,0.9965558648109436
172.0,8.0,0.9959688782691956
172.0,10.0,0.9956735968589783
172.0,12.0,0.9955995082855225
172.0,14.0,0.9959152936935425
172.0,16.0,0.9955254793167114
172.0,18.0,0.9971113204956055
172.0,20.0,0.9976276159286499
172.0,22.0,0.9989016652107239
172.0,24.0,1.0007710456848145
172.0,26.0,1.0028867721557617
172.0,28.0,1.0024832487106323
172.0,30.0,1.0009844303131104
172.0,32.0,0.9982850551605225
172.0,34.0,0.9978377223014832
172.0,36.0,0.9933227300643921
172.0,38.0,0.9906898140907288
172.0,40.0,0.9927424788475037
172.0,42.0,0.9952079057693481
172.0,44.0,1.0012847185134888
172.0,46.0,1.0049806833267212
172.0,48.0,1.006474256515503
172.0,50.0,1.0057268142700195
172.0,52.0,1.0018093585968018
172.0,54.0,0.9966925382614136
172.0,56.0,0.9923017024993896
172.0,58.0,0.9862163066864014
172.0,60.0,0.9840219616889954
174.0,-30.0,1.0096970796585083
174.0,-28.0,1.0076091289520264
174.0,-26.0,1.0058097839355469
174.0,-24.0,1.0046058893203735
174.0,-22.0,1.0037339925765991
174.0,-20.0,1.0016167163848877
174.0,-18.0,1.002108097076416
174.0,-16.0,1.0027178525924683
174.0,-14.0,1.0032011270523071
174.0,-12.0,1.0030325651168823
174.0,-10.0,1.0030009746551514
174.0,-8.0,1.0026801824569702
174.0,-6.0,1.0037821531295776
174.0,-4.0,1.0018216371536255
174.0,-2.0,1.000422477722168
174.0,0.0,1.0017027854919434
174.0,2.0,0.9962219595909119
174.0,4.0,0.9959432482719421
174.0,6.0,0.9945722818374634
174.0,8.0,0.9963671565055847
174.0,10.0,0.9961950778961182
174.0,12.0,0.9948920607566833
174.0,14.0,0.9955769181251526
174.0,16.0,0.9949443936347961
174.0,18.0,0.9969083666801453
174.0,20.0,0.9978272318840027
174.0,22.0,0.9992323517799377
174.0,24.0,0.9998074173927307
174.0,26.0,1.0028247833251953
174.0,28.0,1.0029715299606323
174.0,30.0,1.0003986358642578
174.0,32.0,0.9985076189041138
174.0,34.0,0.9969937801361084
174.0,36.0,0.9965975284576416
174.0,38.0,0.9948053359985352
174.0,40.0,0.9941058158874512
174.0,42.0,0.9970223903656006
174.0,44.0,1.0001091957092285
174.0,46.0,1.0061300992965698
174.0,48.0,1.0079530477523804
174.0,50.0,1.0074445009231567
174.0,52.0,1.0054645538330078
174.0,54.0,1.0000536441802979
174.0,56.0,0.9932379722595215
174.0,58.0,0.9874420166015625
174.0,60.0,0.980661153793335
176.0,-30.0,1.009523868560791
176.0,-28.0,1.0066674947738647
176.0,-26.0,1.0048834085464478
176.0,-24.0,1.0037970542907715
176.0,-22.0,1.0021305084228516
176.0,-20.0,1.0012338161468506
176.0,-18.0,1.001492977142334
176.0,-16.0,1.0025233030319214
176.0,-14.0,1.0018724203109741
176.0,-12.0,1.0019633769989014
176.0,-10.0,1.0015888214111328
176.0,-8.0,1.0023537874221802
176.0,-6.0,1.0013790130615234
176.0,-4.0,1.0006712675094604
176.0,-2.0,0.9993624091148376
176.0,0.0,0.9967080950737
176.0,2.0,0.9951855540275574
176.0,4.0,0.9939708113670349
176.0,6.0,0.9943161606788635
176.0,8.0,0.9946296811103821
176.0,10.0,0.9955288171768188
176.0,12.0,0.9952117800712585
176.0,14.0,0.9958111047744751
176.0,16.0,0.9954088926315308
176.0,18.0,0.9968975782394409
176.0,20.0,0.9982232451438904
176.0,22.0,0.9993076324462891
176.0,24.0,1.0001742839813232
176.0,26.0,1.0018192529678345
176.0,28.0,1.002702236175537
176.0,30.0,1.0001060962677002
176.0,32.0,0.9980287551879883
176.0,34.0,0.9964399337768555
176.0,36.0,0.9969198107719421
176.0,38.0,0.997530460357666
176.0,40.0,0.9971100091934204
176.0,42.0,0.9958125948905945
176.0,44.0,0.9965671896934509
176.0,46.0,1.0024726390838623
176.0,48.0,1.0067204236984253
176.0,50.0,1.009540319442749
176.0,52.0,1.008626103401184
176.0,54.0,1.0020266771316528
176.0,56.0,0.9959604740142822
176.0,58.0,0.9891051650047302
176.0,60.0,0.9803839921951294
178.0,-30.0,1.0088937282562256
178.0,-28.0,1.0068250894546509
178.0,-26.0,1.0050150156021118
178.0,-24.0,1.0024410486221313
178.0,-22.0,1.0018147230148315
178.0,-20.0,1.000343918800354
178.0,-18.0,1.0008854866027832
178.0,-16.0,1.0011940002441406
178.0,-14.0,1.0021501779556274
178.0,-12.0,1.0011907815933228
178.0,-10.0,1.0015127658843994
178.0,-8.0,1.0011745691299438
178.0,-6.0,1.000651240348816
178.0,-4.0,0.9989275932312012
178.0,-2.0,0.9979196190834045
178.0,0.0,0.9965064525604248
178.0,2.0,0.9944553971290588
178.0,4.0,0.9927886128425598
178.0,6.0,0.9930445551872253
178.0,8.0,0.9941461682319641
178.0,10.0,0.9948875904083252
178.0,12.0,0.9950125217437744
178.0,14.0,0.9955586791038513
178.0,16.0,0.9968299865722656
178.0,18.0,0.996780276298523
178.0,20.0,0.9990368485450745
178.0,22.0,0.9999410510063171
178.0,24.0,1.0006096363067627
178.0,26.0,1.0013500452041626
178.0,28.0,1.001867651939392
178.0,30.0,0.9995499849319458
178.0,32.0,0.9967653751373291
178.0,34.0,0.9951930642127991
178.0,36.0,0.9971742630004883
178.0,38.0,0.9967668056488037
178.0,40.0,0.9955747723579407
178.0,42.0,0.9919573068618774
178.0,44.0,0.993269145488739
178.0,46.0,1.0000296831130981
178.0,48.0,1.006914734840393
178.0,50.0,1.0112838745117188
178.0,52.0,1.0102804899215698
178.0,54.0,1.0050235986709595
178.0,56.0,0.9995924830436707
178.0,58.0,0.9923827052116394
178.0,60.0,0.9814302921295166
180.0,-30.0,1.010047435760498
180.0,-28.0,1.0061845779418945
180.0,-26.0,1.0020191669464111
180.0,-24.0,1.001447081565857
180.0,-22.0,0.999725878238678
180.0,-20.0,1.0002186298370361
180.0,-18.0,1.0009557008743286
180.0,-16.0,1.0010924339294434
180.0,-14.0,1.0010614395141602
180.0,-12.0,1.0007442235946655
180.0,-10.0,1.0005149841308594
180.0,-8.0,1.0005582571029663
180.0,-6.0,1.00015127658844
180.0,-4.0,1.0000536441802979
180.0,-2.0,0.9981480836868286
180.0,0.0,0.9952782392501831
180.0,2.0,0.9940947890281677
180.0,4.0,0.9930559396743774
180.0,6.0,0.9916918277740479
180.0,8.0,0.9941901564598083
180.0,10.0,0.9951070547103882
180.0,12.0,0.995151937007904
180.0,14.0,0.9962621331214905
180.0,16.0,0.9973369240760803
180.0,18.0,0.9978457689285278
180.0,20.0,1.0000064373016357
180.0,22.0,1.0013750791549683
180.0,24.0,1.000815510749817
180.0,26.0,1.0021843910217285
180.0,28.0,1.0023295879364014
180.0,30.0,1.0012425184249878
180.0,32.0,0.9972004890441895
180.0,34.0,0.9960868954658508
180.0,36.0,0.9967464804649353
180.0,38.0,0.9959485530853271
180.0,40.0,0.9949172735214233
180.0,42.0,0.9898545742034912
180.0,44.0,0.9912289381027222
180.0,46.0,0.9959202408790588
180.0,48.0,1.0060994625091553
180.0,50.0,1.0118719339370728
180.0,52.0,1.0114060640335083
180.0,54.0,1.0082430839538574
180.0,56.0,1.0020630359649658
180.0,58.0,0.9960429072380066
180.0,60.0,0.9851139783859253
182.0,-30.0,1.0096979141235352
182.0,-28.0,1.0049070119857788
182.0,-26.0,1.0011866092681885
182.0,-24.0,1.0004980564117432
182.0,-22.0,1.0001976490020752
182.0,-20.0,0.9996710419654846
182.0,-18.0,0.9998524785041809
182.0,-16.0,1.0002436637878418
182.0,-14.0,0.9998384118080139
182.0,-12.0,1.0004255771636963
182.0,-10.0,1.000699758529663
182.0,-8.0,1.0005512237548828
182.0,-6.0,0.9996082782745361
182.0,-4.0,0.9985430240631104
182.0,-2.0,0.9954749941825867
182.0,0.0,0.9940712451934814
182.0,2.0,0.9941779375076294
182.0,4.0,0.9928037524223328
182.0,6.0,0.9926779866218567
182.0,8.0,0.994026780128479
182.0,10.0,0.9950347542762756
182.0,12.0,0.9951151013374329
182.0,14.0,0.9961673617362976
182.0,16.0,0.9977989196777344
182.0,18.0,0.9987545013427734
182.0,20.0,0.999946653842926
182.0,22.0,1.0004361867904663
182.0,24.0,1.0012593269348145
182.0,26.0,1.0012805461883545
182.0,28.0,1.0020043849945068
182.0,30.0,1.001030683517456
182.0,32.0,0.9979845881462097
182.0,34.0,0.994792640209198
182.0,36.0,0.9941802024841309
182.0,38.0,0.9920572638511658
182.0,40.0,0.991563618183136
182.0,42.0,0.9872657060623169
182.0,44.0,0.9893213510513306
182.0,46.0,0.9932579398155212
182.0,48.0,1.004578709602356
182.0,50.0,1.011334776878357
182.0,52.0,1.011244297027588
182.0,54.0,1.0086203813552856
182.0,56.0,1.0044981241226196
182.0,58.0,0.9990842938423157
182.0,60.0,0.9896560311317444
184.0,-30.0,1.0067392587661743
184.0,-28.0,1.0030863285064697
184.0,-26.0,1.0003873109817505
184.0,-24.0,0.999188244342804
184.0,-22.0,0.9984185695648193
184.0,-20.0,0.9977902770042419
184.0,-18.0,0.9997518062591553
184.0,-16.0,0.9992092251777649
184.0,-14.0,0.9987783432006836
184.0,-12.0,0.9993321299552917
184.0,-10.0,1.0000908374786377
184.0,-8.0,0.9993095397949219
184.0,-6.0,0.9975869059562683
184.0,-4.0,0.9959619045257568
184.0,-2.0,0.9950118660926819
184.0,0.0,0.994408130645752
184.0,2.0,0.9941700100898743
184.0,4.0,0.9937470555305481
184.0,6.0,0.9926120638847351
184.0,8.0,0.9945940375328064
184.0,10.0,0.9956973195075989
184.0,12.0,0.9951468110084534
184.0,14.0,0.9970694184303284
184.0,16.0,0.9978512525558472
184.0,18.0,0.9990866184234619
184.0,20.0,1.0001001358032227
184.0,22.0,1.0011789798736572
184.0,24.0,1.0014442205429077
184.0,26.0,1.001724362373352
184.0,28.0,1.0012341737747192
184.0,30.0,1.0009509325027466
184.0,32.0,0.9989701509475708
184.0,34.0,0.9958130121231079
184.0,36.0,0.9933255314826965
184.0,38.0,0.9921671748161316
184.0,40.0,0.9908126592636108
184.0,42.0,0.9882552623748779
184.0,44.0,0.9895020127296448
184.0,46.0,0.9949841499328613
184.0,48.0,1.0035285949707031
184.0,50.0,1.0094809532165527
184.0,52.0,1.011061191558838
184.0,54.0,1.0109540224075317
184.0,56.0,1.0074231624603271
184.0,58.0,1.001517653465271
184.0,60.0,0.9986473917961121
186.0,-30.0,1.0045562982559204
186.0,-28.0,1.000070333480835
186.0,-26.0,0.9981985688209534
186.0,-24.0,0.998275876045227
186.0,-22.0,0.997414767742157
186.0,-20.0,0.9974560737609863
186.0,-18.0,0.9987562298774719
186.0,-16.0,0.9984583258628845
186.0,-14.0,0.9988229870796204
186.0,-12.0,0.9995012283325195
186.0,-10.0,1.0001866817474365
186.0,-8.0,0.9982622265815735
186.0,-6.0,0.9959039688110352
186.0,-4.0,0.9945676922798157
186.0,-2.0,0.9940958023071289
186.0,0.0,0.9945075511932373
186.0,2.0,0.9931219220161438
186.0,4.0,0.991936445236206
186.0,6.0,0.9934711456298828
186.0,8.0,0.9952756762504578
186.0,10.0,0.9962120056152344
186.0,12.0,0.9956870079040527
186.0,14.0,0.9961029887199402
186.0,16.0,0.9966523051261902
186.0,18.0,0.9996647238731384
186.0,20.0,0.9993603825569153
186.0,22.0,1.0003561973571777
186.0,24.0,1.0003780126571655
186.0,26.0,1.001369833946228
186.0,28.0,1.0018248558044434
186.0,30.0,1.0017359256744385
186.0,32.0,0.9984777569770813
186.0,34.0,0.9946093559265137
186.0,36.0,0.9953621625900269
186.0,38.0,0.9938944578170776
186.0,40.0,0.9910095930099487
186.0,42.0,0.9907132387161255
186.0,44.0,0.9920705556869507
186.0,46.0,0.996199369430542
186.0,48.0,1.003076195716858
186.0,50.0,1.0083904266357422
186.0,52.0,1.0116088390350342
186.0,54.0,1.0118179321289062
186.0,56.0,1.0105715990066528
186.0,58.0,1.003465175628662
186.0,60.0,0.9968147277832031
188.0,-30.0,1.0015836954116821
188.0,-28.0,0.9984570741653442
188.0,-26.0,0.9978216886520386
188.0,-24.0,0.9970722198486328
188.0,-22.0,0.9960662126541138
188.0,-20.0,0.9975939393043518
188.0,-18.0,0.9988868236541748
188.0,-16.0,0.9987257719039917
188.0,-14.0,0.9986698031425476
188.0,-12.0,0.9995899796485901
188.0,-10.0,0.9987289905548096
188.0,-8.0,0.9963681101799011
188.0,-6.0,0.9951989650726318
188.0,-4.0,0.9949719309806824
188.0,-2.0,0.9937058091163635
188.0,0.0,0.9948809146881104
188.0,2.0,0.9938625693321228
188.0,4.0,0.9926040172576904
188.0,6.0,0.9934830665588379
188.0,8.0,0.9944667816162109
188.0,10.0,0.9957678914070129
188.0,12.0,0.9950813055038452
188.0,14.0,0.9954051971435547
188.0,16.0,0.9969234466552734
188.0,18.0,0.9994223713874817
188.0,20.0,0.9986237287521362
188.0,22.0,0.9995244145393372
188.0,24.0,1.0003842115402222
188.0,26.0,1.0013012886047363
188.0,28.0,1.000376582145691
188.0,30.0,1.0000410079956055
188.0,32.0,0.9984028339385986
188.0,34.0,0.9950650334358215
188.0,36.0,0.9945940375328064
188.0,38.0,0.9941534996032715
188.0,40.0,0.9933097958564758
188.0,42.0,0.9929220676422119
188.0,44.0,0.9934298396110535
188.0,46.0,0.9959191083908081
188.0,48.0,1.0027556419372559
188.0,50.0,1.0080435276031494
188.0,52.0,1.0110284090042114
188.0,54.0,1.012473702430725
188.0,56.0,1.0118765830993652
188.0,58.0,1.0014568567276
188.0,60.0,0.9990135431289673
190.0,-30.0,1.0011061429977417
190.0,-28.0,0.9990524649620056
190.0,-26.0,0.9975751638412476
190.0,-24.0,0.995930552482605
190.0,-22.0,0.9955970048904419
190.0,-20.0,0.99675053358078
190.0,-18.0,0.9988368153572083
190.0,-16.0,0.9987730383872986
190.0,-14.0,0.9995273351669312
190.0,-12.0,0.9994357824325562
190.0,-10.0,0.9977170825004578
190.0,-8.0,0.9956866502761841
190.0,-6.0,0.9953129291534424
190.0,-4.0,0.9957560300827026
190.0,-2.0,0.9944159388542175
190.0,0.0,0.9957866668701172
190.0,2.0,0.9946215152740479
190.0,4.0,0.9928245544433594
190.0,6.0,0.9933086037635803
190.0,8.0,0.9941647052764893
190.0,10.0,0.9961631894111633
190.0,12.0,0.9949412941932678
190.0,14.0,0.9948248863220215
190.0,16.0,0.9977094531059265
190.0,18.0,0.9992918968200684
190.0,20.0,0.9988133311271667
190.0,22.0,0.9986198544502258
190.0,24.0,0.9994630813598633
190.0,26.0,1.000289797782898
190.0,28.0,0.9995710849761963
190.0,30.0,0.9990811944007874
190.0,32.0,0.9982128739356995
190.0,34.0,0.9973868131637573
190.0,36.0,0.9967865347862244
190.0,38.0,0.9968472719192505
190.0,40.0,0.9972315430641174
190.0,42.0,0.9975097179412842
190.0,44.0,0.9979346990585327
190.0,46.0,0.999372661113739
190.0,48.0,1.003098726272583
190.0,50.0,1.005523920059204
190.0,52.0,1.0097930431365967
190.0,54.0,1.0117387771606445
190.0,56.0,1.0098706483840942
190.0,58.0,1.0016485452651978
190.0,60.0,0.9967402815818787
192.0,-30.0,1.0021729469299316
192.0,-28.0,0.9992817640304565
192.0,-26.0,0.9976962804794312
192.0,-24.0,0.9981827735900879
192.0,-22.0,0.9969948530197144
192.0,-20.0,0.9988616704940796
192.0,-18.0,0.998464822769165
192.0,-16.0,0.9991816282272339
192.0,-14.0,0.998916745185852
192.0,-12.0,0.9980173110961914
192.0,-10.0,0.9972551465034485
192.0,-8.0,0.996254026889801
192.0,-6.0,0.9946802854537964
192.0,-4.0,0.9946706891059875
192.0,-2.0,0.9940575957298279
192.0,0.0,0.9950776696205139
192.0,2.0,0.9947580099105835
192.0,4.0,0.9950291514396667
192.0,6.0,0.9940259456634521
192.0,8.0,0.9946084022521973
192.0,10.0,0.9971657395362854
192.0,12.0,0.995671272277832
192.0,14.0,0.9948199987411499
192.0,16.0,0.9966410398483276
192.0,18.0,0.9978542327880859
192.0,20.0,0.9990366697311401
192.0,22.0,0.9979777932167053
192.0,24.0,0.9991223216056824
192.0,26.0,0.9990339279174805
192.0,28.0,1.0005525350570679
192.0,30.0,0.9990219473838806
192.0,32.0,0.9992269277572632
192.0,34.0,0.9993596076965332
192.0,36.0,0.9993202686309814
192.0,38.0,1.00161612033844
192.0,40.0,1.0006414651870728
192.0,42.0,1.0000824928283691
192.0,44.0,1.00021493434906
192.0,46.0,1.0008394718170166
192.0,48.0,1.0031275749206543
192.0,50.0,1.0052512884140015
192.0,52.0,1.0094246864318848
192.0,54.0,1.011214256286621
192.0,56.0,1.0076913833618164
192.0,58.0,0.9959266781806946
192.0,60.0,0.9913780689239502
194.0,-30.0,1.001420259475708
194.0,-28.0,0.998755156993866
194.0,-26.0,0.9981496334075928
194.0,-24.0,0.9976416230201721
194.0,-22.0,1.0000132322311401
194.0,-20.0,0.998500645160675
194.0,-18.0,0.9982888698577881
194.0,-16.0,0.9991718530654907
194.0,-14.0,0.9986480474472046
194.0,-12.0,0.9985397458076477
194.0,-10.0,0.9974576830863953
194.0,-8.0,0.995566725730896
194.0,-6.0,0.9963737726211548
194.0,-4.0,0.994872510433197
194.0,-2.0,0.9943712949752808
194.0,0.0,0.9966541528701782
194.0,2.0,0.9953412413597107
194.0,4.0,0.9954630136489868
194.0,6.0,0.9937015771865845
194.0,8.0,0.9966065287590027
194.0,10.0,0.9965935945510864
194.0,12.0,0.9954034090042114
194.0,14.0,0.9946860671043396
194.0,16.0,0.9963979125022888
194.0,18.0,0.997806966304779
194.0,20.0,0.9981037974357605
194.0,22.0,0.9978721737861633
194.0,24.0,0.9987086057662964
194.0,26.0,0.9997433423995972
194.0,28.0,0.999680757522583
194.0,30.0,0.9985486268997192
194.0,32.0,0.9976549744606018
194.0,34.0,1.0003160238265991
194.0,36.0,1.001953363418579
194.0,38.0,1.0058621168136597
194.0,40.0,1.0062787532806396
194.0,42.0,1.003753900527954
194.0,44.0,1.004247784614563
194.0,46.0,1.003928780555725
194.0,48.0,1.00520920753479
194.0,50.0,1.004929780960083
194.0,52.0,1.0085402727127075
194.0,54.0,1.0110760927200317
194.0,56.0,1.00205397605896
194.0,58.0,0.992477536201477
194.0,60.0,0.9989202618598938
196.0,-30.0,1.000731348991394
196.0,-28.0,0.998163640499115
196.0,-26.0,0.9968695044517517
196.0,-24.0,0.997770369052887
196.0,-22.0,0.9988504648208618
196.0,-20.0,0.9970470666885376
196.0,-18.0,0.9977656602859497
196.0,-16.0,0.9987133145332336
196.0,-14.0,0.9984037280082703
196.0,-12.0,0.9979077577590942
196.0,-10.0,0.9977170825004578
196.0,-8.0,0.99718177318573
196.0,-6.0,0.9958363175392151
196.0,-4.0,0.9949295520782471
196.0,-2.0,0.995932936668396
196.0,0.0,0.995945394039154
196.0,2.0,0.9955634474754333
196.0,4.0,0.9953073263168335
196.0,6.0,0.9946662783622742
196.0,8.0,0.9952248334884644
196.0,10.0,0.9975413680076599
196.0,12.0,0.9958181381225586
196.0,14.0,0.9943628907203674
196.0,16.0,0.9958423376083374
196.0,18.0,0.9968350529670715
196.0,20.0,0.9972255229949951
196.0,22.0,0.9960291385650635
196.0,24.0,0.9978377819061279
196.0,26.0,0.9995779395103455
196.0,28.0,0.9990403056144714
196.0,30.0,0.9996353387832642
196.0,32.0,0.9993367791175842
196.0,34.0,1.0013264417648315
196.0,36.0,1.0051591396331787
196.0,38.0,1.0074576139450073
196.0,40.0,1.0064687728881836
196.0,42.0,1.0071145296096802
196.0,44.0,1.0086487531661987
196.0,46.0,1.0083681344985962
196.0,48.0,1.0065397024154663
196.0,50.0,1.0058530569076538
196.0,52.0,1.0081186294555664
196.0,54.0,1.008708119392395
196.0,56.0,0.9988394379615784
196.0,58.0,0.9878751039505005
196.0,60.0,1.003684639930725
198.0,-30.0,1.0013035535812378
198.0,-28.0,0.9990493059158325
198.0,-26.0,0.999155580997467
198.0,-24.0,0.9989599585533142
198.0,-22.0,0.9985072612762451
198.0,-20.0,0.9996551275253296
198.0,-18.0,0.9992968440055847
198.0,-16.0,0.9991565942764282
198.0,-14.0,0.9973869323730469
198.0,-12.0,0.998493492603302
198.0,-10.0,0.9978660941123962
198.0,-8.0,0.9969406127929688
198.0,-6.0,0.9970420598983765
198.0,-4.0,0.9952569007873535
198.0,-2.0,0.996304988861084
198.0,0.0,0.9951618909835815
198.0,2.0,0.9951890110969543
198.0,4.0,0.9940571188926697
198.0,6.0,0.9946739673614502
198.0,8.0,0.9949794411659241
198.0,10.0,0.9972217082977295
198.0,12.0,0.9962775111198425
198.0,14.0,0.9938226938247681
198.0,16.0,0.9947829246520996
198.0,18.0,0.9961461424827576
198.0,20.0,0.9967875480651855
198.0,22.0,0.9955263137817383
198.0,24.0,0.9960606098175049
198.0,26.0,0.998384952545166
198.0,28.0,0.9979215860366821
198.0,30.0,0.9986101984977722
198.0,32.0,1.0000826120376587
198.0,34.0,1.0020381212234497
198.0,36.0,1.0068665742874146
198.0,38.0,1.0078665018081665
198.0,40.0,1.008949637413025
198.0,42.0,1.009660243988037
198.0,44.0,1.0088868141174316
198.0,46.0,1.0092426538467407
198.0,48.0,1.0073662996292114
198.0,50.0,1.0049431324005127
198.0,52.0,1.0073827505111694
198.0,54.0,1.007601261138916
198.0,56.0,0.9940320253372192
198.0,58.0,0.9851275682449341
198.0,60.0,1.0186588764190674
200.0,-30.0,1.000368356704712
200.0,-28.0,0.9971253871917725
200.0,-26.0,0.9986069202423096
200.0,-24.0,0.9994557499885559
200.0,-22.0,0.9989762902259827
200.0,-20.0,0.9993720650672913
200.0,-18.0,0.9995982050895691
200.0,-16.0,0.9991793036460876
200.0,-14.0,0.998401403427124
200.0,-12.0,0.99882572889328
200.0,-10.0,0.9987077116966248
200.0,-8.0,0.9981181621551514
200.0,-6.0,0.9976208209991455
200.0,-4.0,0.9959167242050171
200.0,-2.0,0.9960697293281555
200.0,0.0,0.9951713681221008
200.0,2.0,0.9952957630157471
200.0,4.0,0.9931743144989014
200.0,6.0,0.9943280816078186
200.0,8.0,0.9949239492416382
200.0,10.0,0.996770441532135
200.0,12.0,0.9958929419517517
200.0,14.0,0.9948779344558716
200.0,16.0,0.9941278100013733
200.0,18.0,0.995415985584259
200.0,20.0,0.9957435131072998
200.0,22.0,0.9948151111602783
200.0,24.0,0.9947354793548584
200.0,26.0,0.9963971972465515
200.0,28.0,0.9965643882751465
200.0,30.0,0.9978415966033936
200.0,32.0,1.0000200271606445
200.0,34.0,1.0037163496017456
200.0,36.0,1.0059117078781128
200.0,38.0,1.0065741539001465
200.0,40.0,1.0068796873092651
200.0,42.0,1.0075550079345703
200.0,44.0,1.0101016759872437
200.0,46.0,1.0090454816818237
200.0,48.0,1.0062386989593506
200.0,50.0,1.0046638250350952
200.0,52.0,1.0053635835647583
200.0,54.0,1.0066076517105103
200.0,56.0,0.9966812133789062
200.0,58.0,0.9886775016784668
202.0,-30.0,1.000765323638916
202.0,-28.0,0.9987441897392273
202.0,-26.0,0.9988515973091125
202.0,-24.0,0.9980664849281311
202.0,-22.0,0.9990240931510925
202.0,-20.0,0.9993379712104797
202.0,-18.0,0.9996333122253418
202.0,-16.0,0.9994958639144897
202.0,-14.0,0.9981019496917725
202.0,-12.0,0.9996383190155029
202.0,-10.0,0.9991555213928223
202.0,-8.0,0.9981066584587097
202.0,-6.0,0.9981384873390198
202.0,-4.0,0.9973297715187073
202.0,-2.0,0.9960588216781616
202.0,0.0,0.9946467280387878
202.0,2.0,0.9947660565376282
202.0,4.0,0.9945576190948486
202.0,6.0,0.994815468788147
202.0,8.0,0.9952026009559631
202.0,10.0,0.9975993037223816
202.0,12.0,0.9962875843048096
202.0,14.0,0.9955259561538696
202.0,16.0,0.994076669216156
202.0,18.0,0.9941339492797852
202.0,20.0,0.9953494668006897
202.0,22.0,0.9945043325424194
202.0,24.0,0.9938470125198364
202.0,26.0,0.994258463382721
202.0,28.0,0.9949918389320374
202.0,30.0,0.9956822991371155
202.0,32.0,1.00102961063385
202.0,34.0,1.0030752420425415
202.0,36.0,1.0034458637237549
202.0,38.0,1.006050705909729
202.0,40.0,1.0046626329421997
202.0,42.0,1.007563591003418
202.0,44.0,1.0095564126968384
202.0,46.0,1.0081123113632202
202.0,48.0,1.0069959163665771
202.0,50.0,1.0048885345458984
202.0,52.0,1.0060558319091797
202.0,54.0,1.0054521560668945
202.0,56.0,1.000848412513733
202.0,58.0,1.0151270627975464
204.0,-30.0,1.0022658109664917
204.0,-28.0,0.9991068243980408
204.0,-26.0,0.9977467060089111
204.0,-24.0,0.998005747795105
204.0,-22.0,0.9991903901100159
204.0,-20.0,0.9995774030685425
204.0,-18.0,0.9995068311691284
204.0,-16.0,1.0001842975616455
204.0,-14.0,0.9987276792526245
204.0,-12.0,0.9996334910392761
204.0,-10.0,0.9994960427284241
204.0,-8.0,0.9985776543617249
204.0,-6.0,0.9987411499023438
204.0,-4.0,0.9969377517700195
204.0,-2.0,0.9961220026016235
204.0,0.0,0.9932485818862915
204.0,2.0,0.9937547445297241
204.0,4.0,0.994033694267273
204.0,6.0,0.9951611161231995
204.0,8.0,0.9958478808403015
204.0,10.0,0.9970269203186035
204.0,12.0,0.9966698288917542
204.0,14.0,0.9959607720375061
204.0,16.0,0.9944273829460144
204.0,18.0,0.9942090511322021
204.0,20.0,0.9941126108169556
204.0,22.0,0.9946231842041016
204.0,24.0,0.9943172335624695
204.0,26.0,0.9934752583503723
204.0,28.0,0.995090126991272
204.0,30.0,0.9955329895019531
204.0,32.0,1.0025686025619507
204.0,34.0,1.0022153854370117
204.0,36.0,1.0041791200637817
204.0,38.0,1.0033679008483887
204.0,40.0,1.0027676820755005
204.0,42.0,1.0041217803955078
204.0,44.0,1.0074224472045898
204.0,46.0,1.0080149173736572
204.0,48.0,1.0093531608581543
204.0,50.0,1.0071370601654053
204.0,52.0,1.005859136581421
204.0,54.0,1.0064126253128052
204.0,56.0,1.0065280199050903
204.0,58.0,1.0014680624008179
206.0,-30.0,1.0027949810028076
206.0,-28.0,0.9995109438896179
206.0,-26.0,0.9984251856803894
206.0,-24.0,0.9988110661506653
206.0,-22.0,0.9991034269332886
206.0,-20.0,0.9998059868812561
206.0,-18.0,0.9994493126869202
206.0,-16.0,0.9988502860069275
206.0,-14.0,0.9989048838615417
206.0,-12.0,1.0002766847610474
206.0,-10.0,0.9998639822006226
206.0,-8.0,0.9998473525047302
206.0,-6.0,0.9996336698532104
206.0,-4.0,0.9972922205924988
206.0,-2.0,0.9959582090377808
206.0,0.0,0.9946403503417969
206.0,2.0,0.993842363357544
206.0,4.0,0.9936737418174744
206.0,6.0,0.9952271580696106
206.0,8.0,0.995917558670044
206.0,10.0,0.996625542640686
206.0,12.0,0.9960019588470459
206.0,14.0,0.9961418509483337
206.0,16.0,0.9957522749900818
206.0,18.0,0.9951409101486206
206.0,20.0,0.992758572101593
206.0,22.0,0.9936770796775818
206.0,24.0,0.9929899573326111
206.0,26.0,0.9928059577941895
206.0,28.0,0.9936251044273376
206.0,30.0,0.9959707856178284
206.0,32.0,1.0001336336135864
206.0,34.0,1.0028785467147827
206.0,36.0,1.0027990341186523
206.0,38.0,1.0000509023666382
206.0,40.0,1.0015392303466797
206.0,42.0,1.0041106939315796
206.0,44.0,1.0080927610397339
206.0,46.0,1.0102412700653076
206.0,48.0,1.0108128786087036
206.0,50.0,1.0072405338287354
206.0,52.0,1.0056830644607544
206.0,54.0,1.0078743696212769
206.0,56.0,1.0076321363449097
206.0,58.0,1.0072122812271118
208.0,-30.0,1.0024031400680542
208.0,-28.0,0.9993102550506592
208.0,-26.0,0.9978687763214111
208.0,-24.0,0.997835099697113
208.0,-22.0,0.9984636902809143
208.0,-20.0,0.9988468885421753
208.0,-18.0,0.9988855719566345
208.0,-16.0,0.9991067051887512
208.0,-14.0,0.999117910861969
208.0,-12.0,1.0010353326797485
208.0,-10.0,1.0000375509262085
208.0,-8.0,1.0004750490188599
208.0,-6.0,0.9995751976966858
208.0,-4.0,0.9972829818725586
208.0,-2.0,0.995352029800415
208.0,0.0,0.9943946003913879
208.0,2.0,0.9936023354530334
208.0,4.0,0.9938624501228333
208.0,6.0,0.9961621165275574
208.0,8.0,0.9956549406051636
208.0,10.0,0.9952917695045471
208.0,12.0,0.9964127540588379
208.0,14.0,0.9970892071723938
208.0,16.0,0.9959111213684082
208.0,18.0,0.9948120713233948
208.0,20.0,0.9929115772247314
208.0,22.0,0.9923562407493591
208.0,24.0,0.99173903465271
208.0,26.0,0.9916062951087952
208.0,28.0,0.9924110770225525
208.0,30.0,0.9938347339630127
208.0,32.0,0.9973093867301941
208.0,34.0,0.9998214840888977
208.0,36.0,1.0013099908828735
208.0,38.0,1.0008090734481812
208.0,40.0,1.0016400814056396
208.0,42.0,1.0014045238494873
208.0,44.0,1.005480170249939
208.0,46.0,1.0086421966552734
208.0,48.0,1.010528326034546
208.0,50.0,1.0077917575836182
208.0,52.0,1.0056674480438232
208.0,54.0,1.0073105096817017
208.0,56.0,1.0087320804595947
208.0,58.0,1.0100897550582886
208.0,60.0,1.011171817779541
210.0,-30.0,1.0031088590621948
210.0,-28.0,1.0003858804702759
210.0,-26.0,0.9977647066116333
210.0,-24.0,0.9973236322402954
210.0,-22.0,0.9982563257217407
210.0,-20.0,0.9990378618240356
210.0,-18.0,0.9995598793029785
210.0,-16.0,0.9985836148262024
210.0,-14.0,0.9995385408401489
210.0,-12.0,1.0009706020355225
210.0,-10.0,1.0011177062988281
210.0,-8.0,0.9995847344398499
210.0,-6.0,0.998464822769165
210.0,-4.0,0.9973338842391968
210.0,-2.0,0.9961389899253845
210.0,0.0,0.9947287440299988
210.0,2.0,0.9936721324920654
210.0,4.0,0.9942544102668762
210.0,6.0,0.9958450794219971
210.0,8.0,0.9955046772956848
210.0,10.0,0.994641900062561
210.0,12.0,0.9948915839195251
210.0,14.0,0.9957191944122314
210.0,16.0,0.9953476190567017
210.0,18.0,0.9951471090316772
210.0,20.0,0.9928263425827026
210.0,22.0,0.9920133352279663
210.0,24.0,0.9902734756469727
210.0,26.0,0.9909648299217224
210.0,28.0,0.9917154312133789
210.0,30.0,0.9943349361419678
210.0,32.0,0.996303915977478
210.0,34.0,0.9986656904220581
210.0,36.0,0.9972595572471619
210.0,38.0,0.9974009990692139
210.0,40.0,0.9981820583343506
210.0,42.0,1.0006248950958252
210.0,44.0,1.0045355558395386
210.0,46.0,1.0081003904342651
210.0,48.0,1.0084147453308105
210.0,50.0,1.008998990058899
210.0,52.0,1.007326602935791
210.0,54.0,1.0059605836868286
210.0,56.0,1.0087801218032837
210.0,58.0,1.008702039718628
210.0,60.0,1.0116147994995117
212.0,-30.0,1.0027822256088257
212.0,-28.0,0.9994399547576904
212.0,-26.0,0.9965025782585144
212.0,-24.0,0.9974548816680908
212.0,-22.0,0.9983283877372742
212.0,-20.0,0.9976254105567932
212.0,-18.0,0.9994078278541565
212.0,-16.0,0.9986034035682678
212.0,-14.0,0.9990484118461609
212.0,-12.0,1.0003681182861328
212.0,-10.0,1.0010095834732056
212.0,-8.0,1.0001609325408936
212.0,-6.0,0.9976363778114319
212.0,-4.0,0.9979410171508789
212.0,-2.0,0.995059609413147
212.0,0.0,0.9934557676315308
212.0,2.0,0.9929259419441223
212.0,4.0,0.9928105473518372
212.0,6.0,0.9955191612243652
212.0,8.0,0.9957477450370789
212.0,10.0,0.9956707954406738
212.0,12.0,0.9953792691230774
212.0,14.0,0.9954149723052979
212.0,16.0,0.9962505102157593
212.0,18.0,0.9945129752159119
212.0,20.0,0.9932831525802612
212.0,22.0,0.9923170208930969
212.0,24.0,0.9907079935073853
212.0,26.0,0.9894421696662903
212.0,28.0,0.9914326667785645
212.0,30.0,0.9956706166267395
212.0,32.0,0.99741131067276
212.0,34.0,0.9977450966835022
212.0,36.0,0.9967408180236816
212.0,38.0,0.997544527053833
212.0,40.0,0.997406542301178
212.0,42.0,0.9995062947273254
212.0,44.0,1.0047862529754639
212.0,46.0,1.006394624710083
212.0,48.0,1.0083556175231934
212.0,50.0,1.0078963041305542
212.0,52.0,1.008867859840393
212.0,54.0,1.0084781646728516
212.0,56.0,1.0082802772521973
212.0,58.0,1.0091423988342285
212.0,60.0,1.0137182474136353
214.0,-30.0,1.0011757612228394
214.0,-28.0,0.9988366365432739
214.0,-26.0,0.9950736165046692
214.0,-24.0,0.9966623783111572
214.0,-22.0,0.9977430105209351
214.0,-20.0,0.9981218576431274
214.0,-18.0,0.9992640614509583
214.0,-16.0,0.9988465905189514
214.0,-14.0,0.9992614984512329
214.0,-12.0,1.000795602798462
214.0,-10.0,1.0010459423065186
214.0,-8.0,0.9999410510063171
214.0,-6.0,0.998148500919342
214.0,-4.0,0.9960842132568359
214.0,-2.0,0.9943665862083435
214.0,0.0,0.9929150938987732
214.0,2.0,0.991053581237793
214.0,4.0,0.9930633306503296
214.0,6.0,0.9958612322807312
214.0,8.0,0.9963077306747437
214.0,10.0,0.9956717491149902
214.0,12.0,0.9954097867012024
214.0,14.0,0.996366560459137
214.0,16.0,0.9965288043022156
214.0,18.0,0.9959578514099121
214.0,20.0,0.995273232460022
214.0,22.0,0.9929344654083252
214.0,24.0,0.9916996359825134
214.0,26.0,0.9904053211212158
214.0,28.0,0.9913676977157593
214.0,30.0,0.996104896068573
214.0,32.0,0.9986007809638977
214.0,34.0,1.0001697540283203
214.0,36.0,0.9978400468826294
214.0,38.0,0.9971163272857666
214.0,40.0,0.9984754920005798
214.0,42.0,1.0001330375671387
214.0,44.0,1.0029140710830688
214.0,46.0,1.0063015222549438
214.0,48.0,1.0093815326690674
214.0,50.0,1.0098527669906616
214.0,52.0,1.0110341310501099
214.0,54.0,1.0081877708435059
214.0,56.0,1.0090384483337402
214.0,58.0,1.011043667793274
214.0,60.0,1.0139164924621582
216.0,-30.0,0.9989883303642273
216.0,-28.0,0.995958685874939
216.0,-26.0,0.9966408610343933
216.0,-24.0,0.9973899722099304
216.0,-22.0,0.9974011778831482
216.0,-20.0,0.9990324378013611
216.0,-18.0,1.0005009174346924
216.0,-16.0,1.0000089406967163
216.0,-14.0,0.9987665414810181
216.0,-12.0,1.000811219215393
216.0,-10.0,1.0010493993759155
216.0,-8.0,0.9989261031150818
216.0,-6.0,0.9984230995178223
216.0,-4.0,0.9971973896026611
216.0,-2.0,0.9953128099441528
216.0,0.0,0.9945334196090698
216.0,2.0,0.9919298887252808
216.0,4.0,0.9937805533409119
216.0,6.0,0.9952117800712585
216.0,8.0,0.9967170357704163
216.0,10.0,0.9972355961799622
216.0,12.0,0.9970188140869141
216.0,14.0,0.9972432255744934
216.0,16.0,0.997207522392273
216.0,18.0,0.9979488849639893
216.0,20.0,0.9966804385185242
216.0,22.0,0.9947242736816406
216.0,24.0,0.9922140836715698
216.0,26.0,0.990129292011261
216.0,28.0,0.9912899732589722
216.0,30.0,0.9968124628067017
216.0,32.0,0.9996222853660583
216.0,34.0,0.9990650415420532
216.0,36.0,0.9983426332473755
216.0,38.0,0.997231125831604
216.0,40.0,0.9981780052185059
216.0,42.0,1.0011948347091675
216.0,44.0,1.0039499998092651
216.0,46.0,1.008426308631897
216.0,48.0,1.0102431774139404
216.0,50.0,1.0100873708724976
216.0,52.0,1.01030433177948
216.0,54.0,1.010602593421936
216.0,56.0,1.0098639726638794
216.0,58.0,1.0096635818481445
216.0,60.0,1.013539433479309
218.0,-30.0,0.9970853924751282
218.0,-28.0,0.9964063167572021
218.0,-26.0,0.996195375919342
218.0,-24.0,0.9973416328430176
218.0,-22.0,0.9979086518287659
218.0,-20.0,0.9995924830436707
218.0,-18.0,1.001253604888916
218.0,-16.0,1.0005983114242554
218.0,-14.0,0.9995564222335815
218.0,-12.0,1.0006864070892334
218.0,-10.0,1.002504587173462
218.0,-8.0,1.0001213550567627
218.0,-6.0,0.9987854957580566
218.0,-4.0,0.9970190525054932
218.0,-2.0,0.9957689642906189
218.0,0.0,0.9945112466812134
218.0,2.0,0.9936532974243164
218.0,4.0,0.9937414526939392
218.0,6.0,0.9950745701789856
218.0,8.0,0.996796190738678
218.0,10.0,0.9978228211402893
218.0,12.0,0.9962972402572632
218.0,14.0,0.9976974725723267
218.0,16.0,0.9980222582817078
218.0,18.0,0.998598575592041
218.0,20.0,0.9987843036651611
218.0,22.0,0.9967032670974731
218.0,24.0,0.993043839931488
218.0,26.0,0.9915184378623962
218.0,28.0,0.9916348457336426
218.0,30.0,0.9961106777191162
218.0,32.0,0.9984376430511475
218.0,34.0,0.9999548196792603
218.0,36.0,0.9980254173278809
218.0,38.0,0.9960775375366211
218.0,40.0,0.9979233741760254
218.0,42.0,1.0002930164337158
218.0,44.0,1.0044180154800415
218.0,46.0,1.0095921754837036
218.0,48.0,1.0112099647521973
218.0,50.0,1.0108864307403564
218.0,52.0,1.0122628211975098
218.0,54.0,1.0111116170883179
218.0,56.0,1.0085705518722534
218.0,58.0,1.0101336240768433
218.0,60.0,1.0114643573760986
220.0,-30.0,0.995983362197876
220.0,-28.0,0.9952280521392822
220.0,-26.0,0.9960948824882507
220.0,-24.0,0.9980418682098389
220.0,-22.0,0.9984479546546936
220.0,-20.0,1.0017516613006592
220.0,-18.0,1.001903772354126
220.0,-16.0,1.0020453929901123
220.0,-14.0,1.0017675161361694
220.0,-12.0,1.0025138854980469
220.0,-10.0,1.0030356645584106
220.0,-8.0,1.0003893375396729
220.0,-6.0,0.9987924695014954
220.0,-4.0,0.9982042908668518
220.0,-2.0,0.9974560737609863
220.0,0.0,0.9966487884521484
220.0,2.0,0.9921602010726929
220.0,4.0,0.9933139681816101
220.0,6.0,0.9949663281440735
220.0,8.0,0.996496856212616
220.0,10.0,0.9962314963340759
220.0,12.0,0.9963142275810242
220.0,14.0,0.9965094327926636
220.0,16.0,0.9984959959983826
220.0,18.0,1.0000529289245605
220.0,20.0,0.9999213814735413
220.0,22.0,0.998455286026001
220.0,24.0,0.9957229495048523
220.0,26.0,0.9936299324035645
220.0,28.0,0.9933533668518066
220.0,30.0,0.9949859380722046
220.0,32.0,0.9982179403305054
220.0,34.0,0.9991821646690369
220.0,36.0,0.996845006942749
220.0,38.0,0.9975486993789673
220.0,40.0,0.9980137944221497
220.0,42.0,1.000909447669983
220.0,44.0,1.004098653793335
220.0,46.0,1.0092118978500366
220.0,48.0,1.0117101669311523
220.0,50.0,1.0109740495681763
220.0,52.0,1.0110321044921875
220.0,54.0,1.0089528560638428
220.0,56.0,1.0082639455795288
220.0,58.0,1.007755994796753
220.0,60.0,1.0101975202560425
222.0,-30.0,0.9947753548622131
222.0,-28.0,0.993766188621521
222.0,-26.0,0.996737003326416
222.0,-24.0,0.9981048107147217
222.0,-22.0,0.9989224076271057
222.0,-20.0,1.0021368265151978
222.0,-18.0,1.0016742944717407
222.0,-16.0,1.0023202896118164
222.0,-14.0,1.0023092031478882
222.0,-12.0,1.0035107135772705
222.0,-10.0,1.0025748014450073
222.0,-8.0,1.0019519329071045
222.0,-6.0,0.9994544982910156
222.0,-4.0,0.9990804195404053
222.0,-2.0,0.9977365136146545
222.0,0.0,0.9958587288856506
222.0,2.0,0.9920458793640137
222.0,4.0,0.991534948348999
222.0,6.0,0.9941257238388062
222.0,8.0,0.9953944683074951
222.0,10.0,0.9952442646026611
222.0,12.0,0.9956733584403992
222.0,14.0,0.9965801239013672
222.0,16.0,0.9986600875854492
222.0,18.0,1.0002301931381226
222.0,20.0,0.9996891617774963
222.0,22.0,0.9992942214012146
222.0,24.0,0.9970992207527161
222.0,26.0,0.9945033192634583
222.0,28.0,0.9945151805877686
222.0,30.0,0.9969948530197144
222.0,32.0,0.9996188879013062
222.0,34.0,0.9990708231925964
222.0,36.0,0.9980467557907104
222.0,38.0,0.9974613189697266
222.0,40.0,1.0008058547973633
222.0,42.0,1.0038882493972778
222.0,44.0,1.006885290145874
222.0,46.0,1.0100845098495483
222.0,48.0,1.0105266571044922
222.0,50.0,1.0100897550582886
222.0,52.0,1.0092670917510986
222.0,54.0,1.0057357549667358
222.0,56.0,1.0049643516540527
222.0,58.0,1.0036729574203491
224.0,-30.0,0.9937965869903564
224.0,-28.0,0.9934122562408447
224.0,-26.0,0.9960362315177917
224.0,-24.0,0.9981856942176819
224.0,-22.0,1.0003491640090942
224.0,-20.0,1.0026248693466187
224.0,-18.0,1.0025591850280762
224.0,-16.0,1.0027729272842407
224.0,-14.0,1.0045708417892456
224.0,-12.0,1.004573106765747
224.0,-10.0,1.0031499862670898
224.0,-8.0,1.001056432723999
224.0,-6.0,0.9994916319847107
224.0,-4.0,0.9988721013069153
224.0,-2.0,0.9988769888877869
224.0,0.0,0.9979530572891235
224.0,2.0,0.9944157600402832
224.0,4.0,0.9937779307365417
224.0,6.0,0.9940604567527771
224.0,8.0,0.9951696991920471
224.0,10.0,0.9948170185089111
224.0,12.0,0.9956859350204468
224.0,14.0,0.9966309070587158
224.0,16.0,0.9977554678916931
224.0,18.0,1.0003291368484497
224.0,20.0,1.0007176399230957
224.0,22.0,0.999692440032959
224.0,24.0,0.9980208873748779
224.0,26.0,0.9962706565856934
224.0,28.0,0.9973505735397339
224.0,30.0,1.0000289678573608
224.0,32.0,1.0018740892410278
224.0,34.0,0.9997747540473938
224.0,36.0,0.9984531998634338
224.0,38.0,1.0001189708709717
224.0,40.0,1.0015318393707275
224.0,42.0,1.0056265592575073
224.0,44.0,1.0079964399337769
224.0,46.0,1.0110187530517578
224.0,48.0,1.0092108249664307
224.0,50.0,1.0088027715682983
224.0,52.0,1.0074082612991333
224.0,54.0,1.0042815208435059
224.0,56.0,1.0024093389511108
224.0,58.0,1.0018694400787354
226.0,-30.0,0.9925364255905151
226.0,-28.0,0.9946526288986206
226.0,-26.0,0.996162474155426
226.0,-24.0,0.999225378036499
226.0,-22.0,1.0017532110214233
226.0,-20.0,1.003389835357666
226.0,-18.0,1.0032728910446167
226.0,-16.0,1.0040452480316162
226.0,-14.0,1.0049033164978027
226.0,-12.0,1.0046672821044922
226.0,-10.0,1.0035054683685303
226.0,-8.0,1.0012251138687134
226.0,-6.0,0.9979752898216248
226.0,-4.0,0.999975860118866
226.0,-2.0,0.9990717172622681
226.0,0.0,0.9970358610153198
226.0,2.0,0.9930701851844788
226.0,4.0,0.9931755065917969
226.0,6.0,0.9933800101280212
226.0,8.0,0.9941419959068298
226.0,10.0,0.9944615960121155
226.0,12.0,0.9945949912071228
226.0,14.0,0.9957090616226196
226.0,16.0,0.9969808459281921
226.0,18.0,0.9993686079978943
226.0,20.0,1.0011212825775146
226.0,22.0,0.9993547201156616
226.0,24.0,0.9996997714042664
226.0,26.0,0.9987819194793701
226.0,28.0,0.9998410940170288
226.0,30.0,1.003456711769104
226.0,32.0,1.0047239065170288
226.0,34.0,1.0029542446136475
226.0,36.0,1.0017776489257812
226.0,38.0,1.001463532447815
226.0,40.0,1.0021547079086304
226.0,42.0,1.006516456604004
226.0,44.0,1.0092636346817017
226.0,46.0,1.0082554817199707
226.0,48.0,1.0080187320709229
226.0,50.0,1.006431221961975
226.0,52.0,1.0034514665603638
226.0,54.0,1.0015590190887451
226.0,56.0,1.0003585815429688
226.0,58.0,1.0002878904342651
228.0,-30.0,0.9923867583274841
228.0,-28.0,0.9938809871673584
228.0,-26.0,0.9971651434898376
228.0,-24.0,1.0009485483169556
228.0,-22.0,1.0029473304748535
228.0,-20.0,1.0050441026687622
228.0,-18.0,1.0046379566192627
228.0,-16.0,1.0044631958007812
228.0,-14.0,1.0042790174484253
228.0,-12.0,1.0043866634368896
228.0,-10.0,1.0031635761260986
228.0,-8.0,1.0011378526687622
228.0,-6.0,0.999534547328949
228.0,-4.0,0.9986906051635742
228.0,-2.0,0.9996407628059387
228.0,0.0,0.9988170266151428
228.0,2.0,0.9948280453681946
228.0,4.0,0.9914500713348389
228.0,6.0,0.9931871294975281
228.0,8.0,0.9941050410270691
228.0,10.0,0.9944525361061096
228.0,12.0,0.9949367642402649
228.0,14.0,0.9950762391090393
228.0,16.0,0.996757984161377
228.0,18.0,1.0000190734863281
228.0,20.0,1.001582145690918
228.0,22.0,1.0016876459121704
228.0,24.0,0.9992849230766296
228.0,26.0,1.000808835029602
228.0,28.0,1.0035918951034546
228.0,30.0,1.0052601099014282
228.0,32.0,1.0066709518432617
228.0,34.0,1.0040637254714966
228.0,36.0,1.002256989479065
228.0,38.0,1.0011340379714966
228.0,40.0,1.002771258354187
228.0,42.0,1.0031592845916748
228.0,44.0,1.004922866821289
228.0,46.0,1.0055179595947266
228.0,48.0,1.0026155710220337
228.0,50.0,1.0015989542007446
228.0,52.0,1.0016506910324097
228.0,54.0,0.9998370409011841
228.0,56.0,0.9984408020973206
230.0,-30.0,0.9952854514122009
230.0,-28.0,0.9963191151618958
230.0,-26.0,0.998359739780426
230.0,-24.0,1.0024845600128174
230.0,-22.0,1.0038950443267822
230.0,-20.0,1.0043236017227173
230.0,-18.0,1.0048942565917969
230.0,-16.0,1.0050987005233765
230.0,-14.0,1.0044212341308594
230.0,-12.0,1.0045380592346191
230.0,-10.0,1.0033490657806396
230.0,-8.0,1.0024611949920654
230.0,-6.0,1.0000618696212769
230.0,-4.0,0.9988085627555847
230.0,-2.0,1.0002307891845703
230.0,0.0,0.9998919367790222
230.0,2.0,0.9961174726486206
230.0,4.0,0.9920238256454468
230.0,6.0,0.992685854434967
230.0,8.0,0.9936620593070984
230.0,10.0,0.9946034550666809
230.0,12.0,0.9950064420700073
230.0,14.0,0.9954231977462769
230.0,16.0,0.9986594915390015
230.0,18.0,1.0031466484069824
230.0,20.0,1.0028951168060303
230.0,22.0,1.0029679536819458
230.0,24.0,1.0022457838058472
230.0,26.0,1.0030570030212402
230.0,28.0,1.0043383836746216
230.0,30.0,1.0069770812988281
230.0,32.0,1.008010745048523
230.0,34.0,1.006866693496704
230.0,36.0,1.0030853748321533
230.0,38.0,1.0033961534500122
230.0,40.0,1.0017757415771484
230.0,42.0,1.0017448663711548
230.0,44.0,1.000455379486084
230.0,46.0,0.999516487121582
230.0,48.0,0.9992024898529053
230.0,50.0,0.9980382919311523
230.0,52.0,0.9976579546928406
230.0,54.0,0.9973734617233276
232.0,-30.0,0.9965772032737732
232.0,-28.0,0.9975191354751587
232.0,-26.0,1.000680685043335
232.0,-24.0,1.001899242401123
232.0,-22.0,1.0038188695907593
232.0,-20.0,1.0049141645431519
232.0,-18.0,1.0048096179962158
232.0,-16.0,1.0043600797653198
232.0,-14.0,1.0035191774368286
232.0,-12.0,1.004361867904663
232.0,-10.0,1.0032925605773926
232.0,-8.0,1.003400206565857
232.0,-6.0,0.9996204972267151
232.0,-4.0,0.9979531168937683
232.0,-2.0,0.9999781250953674
232.0,0.0,0.9986767172813416
232.0,2.0,0.9973738789558411
232.0,4.0,0.991920530796051
232.0,6.0,0.993594229221344
232.0,8.0,0.9933791756629944
232.0,10.0,0.9939830303192139
232.0,12.0,0.9950934052467346
232.0,14.0,0.9982162117958069
232.0,16.0,0.9999597072601318
232.0,18.0,1.0041320323944092
232.0,20.0,1.0054327249526978
232.0,22.0,1.0060110092163086
232.0,24.0,1.003942608833313
232.0,26.0,1.0056184530258179
232.0,28.0,1.006354808807373
232.0,30.0,1.008813500404358
232.0,32.0,1.0086359977722168
232.0,34.0,1.0069395303726196
232.0,36.0,1.0044565200805664
232.0,38.0,1.0031168460845947
232.0,40.0,1.0027673244476318
232.0,42.0,1.0028059482574463
232.0,44.0,1.00087571144104
232.0,46.0,0.9967997074127197
232.0,48.0,0.9953314661979675
232.0,50.0,0.9961622953414917
232.0,52.0,0.994764506816864
234.0,-30.0,0.9987807273864746
234.0,-28.0,1.0004750490188599
234.0,-26.0,1.0016682147979736
234.0,-24.0,1.0032514333724976
234.0,-22.0,1.0042368173599243
234.0,-20.0,1.004584550857544
234.0,-18.0,1.003964900970459
234.0,-16.0,1.0037490129470825
234.0,-14.0,1.0022730827331543
234.0,-12.0,1.004259467124939
234.0,-10.0,1.0036795139312744
234.0,-8.0,1.001639485359192
234.0,-6.0,0.9992102980613708
234.0,-4.0,0.9990713000297546
234.0,-2.0,1.0000536441802979
234.0,0.0,0.9987809062004089
234.0,2.0,0.9973887801170349
234.0,4.0,0.993074893951416
234.0,6.0,0.9935396313667297
234.0,8.0,0.9940184354782104
234.0,10.0,0.9942521452903748
234.0,12.0,0.9963275194168091
234.0,14.0,0.9988173842430115
234.0,16.0,1.0025252103805542
234.0,18.0,1.0062952041625977
234.0,20.0,1.0078966617584229
234.0,22.0,1.0088837146759033
234.0,24.0,1.007238507270813
234.0,26.0,1.0072627067565918
234.0,28.0,1.0096205472946167
234.0,30.0,1.0098328590393066
234.0,32.0,1.009095549583435
234.0,34.0,1.005337119102478
234.0,36.0,1.0041122436523438
234.0,38.0,1.0047848224639893
234.0,40.0,1.005774974822998
234.0,42.0,1.0049080848693848
234.0,44.0,1.0029277801513672
234.0,46.0,0.9995600581169128
234.0,48.0,0.9980497360229492
234.0,50.0,0.9977532029151917
236.0,-30.0,1.0012760162353516
236.0,-28.0,1.0025132894515991
236.0,-26.0,1.0035609006881714
236.0,-24.0,1.0037990808486938
236.0,-22.0,1.0047200918197632
236.0,-20.0,1.005142092704773
236.0,-18.0,1.004371166229248
236.0,-16.0,1.0035659074783325
236.0,-14.0,1.002318024635315
236.0,-12.0,1.0057578086853027
236.0,-10.0,1.003283977508545
236.0,-8.0,1.002747893333435
236.0,-6.0,1.001123070716858
236.0,-4.0,0.9984857439994812
236.0,-2.0,0.9999315142631531
236.0,0.0,1.00092351436615
236.0,2.0,0.9979037642478943
236.0,4.0,0.994835615158081
236.0,6.0,0.9936851263046265
236.0,8.0,0.9962286949157715
236.0,10.0,0.9957834482192993
236.0,12.0,0.9972425103187561
236.0,14.0,1.0012389421463013
236.0,16.0,1.0022878646850586
236.0,18.0,1.008091688156128
236.0,20.0,1.0110092163085938
236.0,22.0,1.0112279653549194
236.0,24.0,1.0110169649124146
236.0,26.0,1.0097383260726929
236.0,28.0,1.0110520124435425
236.0,30.0,1.011932134628296
236.0,32.0,1.010769009590149
236.0,34.0,1.0070956945419312
236.0,36.0,1.0049253702163696
236.0,38.0,1.0041924715042114
236.0,40.0,1.006484866142273
236.0,42.0,1.006877064704895
236.0,44.0,1.0048593282699585
236.0,46.0,1.001627802848816
236.0,48.0,0.9993033409118652
236.0,50.0,0.9983334541320801
238.0,-30.0,1.004022479057312
238.0,-28.0,1.003330945968628
238.0,-26.0,1.0033631324768066
238.0,-24.0,1.0035295486450195
238.0,-22.0,1.0044580698013306
238.0,-20.0,1.0053378343582153
238.0,-18.0,1.0035464763641357
238.0,-16.0,1.0035557746887207
238.0,-14.0,1.003660798072815
238.0,-12.0,1.0066399574279785
238.0,-10.0,1.005226492881775
238.0,-8.0,1.0032323598861694
238.0,-6.0,1.0007015466690063
238.0,-4.0,1.0003399848937988
238.0,-2.0,1.0010257959365845
238.0,0.0,1.0006524324417114
238.0,2.0,0.9958869218826294
238.0,4.0,0.9947926998138428
238.0,6.0,0.9948012828826904
238.0,8.0,0.9950876832008362
238.0,10.0,0.9968559145927429
238.0,12.0,0.9990909695625305
238.0,14.0,1.0014088153839111
238.0,16.0,1.0035172700881958
238.0,18.0,1.0101186037063599
238.0,20.0,1.0122748613357544
238.0,22.0,1.0156606435775757
238.0,24.0,1.0147494077682495
238.0,26.0,1.0120534896850586
238.0,28.0,1.0134007930755615
238.0,30.0,1.012184500694275
238.0,32.0,1.0107181072235107
238.0,34.0,1.0073511600494385
238.0,36.0,1.004360556602478
238.0,38.0,1.0040366649627686
240.0,-30.0,1.0054301023483276
240.0,-28.0,1.005117654800415
240.0,-26.0,1.0031046867370605
240.0,-24.0,1.00344717502594
240.0,-22.0,1.0050556659698486
240.0,-20.0,1.0038832426071167
240.0,-18.0,1.0030796527862549
240.0,-16.0,1.0034197568893433
240.0,-14.0,1.0030945539474487
240.0,-12.0,1.0058778524398804
240.0,-10.0,1.005423903465271
240.0,-8.0,1.0030972957611084
240.0,-6.0,1.0016013383865356
240.0,-4.0,1.000455379486084
240.0,-2.0,1.001190423965454
240.0,0.0,1.0014262199401855
240.0,2.0,0.9990187883377075
240.0,4.0,0.996847927570343
240.0,6.0,0.995518147945404
240.0,8.0,0.9964674711227417
240.0,10.0,0.9982125759124756
240.0,12.0,0.9999255537986755
240.0,14.0,1.0007654428482056
240.0,16.0,1.0046333074569702
240.0,18.0,1.0101463794708252
240.0,20.0,1.0150138139724731
240.0,22.0,1.0171796083450317
240.0,24.0,1.0158895254135132
240.0,26.0,1.014782190322876
240.0,28.0,1.0146749019622803
240.0,30.0,1.01323401927948
240.0,32.0,1.0099165439605713
240.0,34.0,1.009835124015808
242.0,-30.0,1.0059305429458618
242.0,-28.0,1.0042572021484375
242.0,-26.0,1.0031217336654663
242.0,-24.0,1.0033156871795654
242.0,-22.0,1.0030030012130737
242.0,-20.0,1.0028520822525024
242.0,-18.0,1.0021636486053467
242.0,-16.0,1.0017273426055908
242.0,-14.0,1.0029404163360596
242.0,-12.0,1.004765272140503
242.0,-10.0,1.0054616928100586
242.0,-8.0,1.0028464794158936
242.0,-6.0,1.0004528760910034
242.0,-4.0,0.9992132782936096
242.0,-2.0,1.001821517944336
242.0,0.0,1.001312017440796
242.0,2.0,1.000493049621582
242.0,4.0,0.9976338148117065
242.0,6.0,0.9969295263290405
242.0,8.0,0.9971516728401184
242.0,10.0,0.9972423315048218
242.0,12.0,0.9987767338752747
242.0,14.0,1.000934362411499
242.0,16.0,1.0042095184326172
242.0,18.0,1.0092990398406982
242.0,20.0,1.0143327713012695
242.0,22.0,1.0167614221572876
242.0,24.0,1.0166863203048706
242.0,26.0,1.01567804813385
242.0,28.0,1.0159629583358765
242.0,30.0,1.0137147903442383
242.0,32.0,1.0113320350646973
242.0,34.0,1.0109537839889526
244.0,-30.0,1.0061434507369995
244.0,-28.0,1.0042519569396973
244.0,-26.0,1.003570556640625
244.0,-24.0,1.0032598972320557
244.0,-22.0,1.0022008419036865
244.0,-20.0,1.0013407468795776
244.0,-18.0,1.0011639595031738
244.0,-16.0,1.0021119117736816
244.0,-14.0,1.001585602760315
244.0,-12.0,1.0048034191131592
244.0,-10.0,1.0052638053894043
244.0,-8.0,1.0024534463882446
244.0,-6.0,0.9995369911193848
244.0,-4.0,0.9993020296096802
244.0,-2.0,1.002389669418335
244.0,0.0,1.0018028020858765
244.0,2.0,0.9981765151023865
244.0,4.0,0.9980117082595825
244.0,6.0,0.9978731274604797
244.0,8.0,0.9980126023292542
244.0,10.0,0.9986016750335693
244.0,12.0,1.0002857446670532
244.0,14.0,0.999722421169281
244.0,16.0,1.0036039352416992
244.0,18.0,1.00743567943573
244.0,20.0,1.0133309364318848
244.0,22.0,1.0173438787460327
244.0,24.0,1.0190794467926025
244.0,26.0,1.0174137353897095
244.0,28.0,1.015367031097412
244.0,30.0,1.0122630596160889
244.0,32.0,1.0075950622558594
246.0,-30.0,1.0069717168807983
246.0,-28.0,1.0048061609268188
246.0,-26.0,1.0028492212295532
246.0,-24.0,1.0029573440551758
246.0,-22.0,1.0007596015930176
246.0,-20.0,1.0000232458114624
246.0,-18.0,1.001182198524475
246.0,-16.0,1.0011032819747925
246.0,-14.0,1.001604437828064
246.0,-12.0,1.004885196685791
246.0,-10.0,1.0058703422546387
246.0,-8.0,1.0022082328796387
246.0,-6.0,0.9998886585235596
246.0,-4.0,0.9994195103645325
246.0,-2.0,1.0033962726593018
246.0,0.0,1.0006558895111084
246.0,2.0,0.9997873306274414
246.0,4.0,0.9987548589706421
246.0,6.0,0.9984458684921265
246.0,8.0,0.998956561088562
246.0,10.0,0.9994032979011536
246.0,12.0,1.0003414154052734
246.0,14.0,1.0004936456680298
246.0,16.0,1.0023165941238403
246.0,18.0,1.005682349205017
246.0,20.0,1.0116268396377563
246.0,22.0,1.0150147676467896
246.0,24.0,1.0151411294937134
246.0,26.0,1.0111441612243652
246.0,28.0,1.0067174434661865
246.0,32.0,1.0024676322937012
248.0,-30.0,1.0065664052963257
248.0,-28.0,1.0047814846038818
248.0,-26.0,1.0032331943511963
248.0,-24.0,1.0021347999572754
248.0,-22.0,1.0001205205917358
248.0,-20.0,0.9986279010772705
248.0,-18.0,0.9993821978569031
248.0,-16.0,0.9995672702789307
248.0,-14.0,0.9999298453330994
248.0,-12.0,1.0041685104370117
248.0,-10.0,1.004148006439209
248.0,-8.0,1.0025057792663574
248.0,-6.0,1.0001227855682373
248.0,-4.0,1.0004992485046387
248.0,-2.0,1.0035176277160645
248.0,0.0,1.000980019569397
248.0,2.0,1.0003541707992554
248.0,4.0,0.9982073307037354
248.0,6.0,0.9987866878509521
248.0,8.0,0.9995709657669067
248.0,10.0,0.9998478293418884
248.0,12.0,1.0001413822174072
248.0,14.0,1.000578761100769
248.0,16.0,1.0006499290466309
248.0,18.0,1.0033752918243408
248.0,20.0,1.0082141160964966
248.0,22.0,1.0114511251449585
248.0,24.0,1.0076186656951904
248.0,26.0,1.000505805015564
248.0,28.0,0.9936684966087341
248.0,30.0,0.9903508424758911
250.0,-30.0,1.006670355796814
250.0,-28.0,1.0039921998977661
250.0,-26.0,1.003037452697754
250.0,-24.0,1.0022635459899902
250.0,-22.0,0.9987189769744873
250.0,-20.0,0.996399998664856
250.0,-18.0,0.9974431395530701
250.0,-16.0,0.9981580376625061
250.0,-14.0,0.9996775388717651
250.0,-12.0,1.0023722648620605
250.0,-10.0,1.0037720203399658
250.0,-8.0,1.002321481704712
250.0,-6.0,0.9990023970603943
250.0,-4.0,0.9990031123161316
250.0,-2.0,1.0017961263656616
250.0,0.0,1.0023906230926514
250.0,2.0,0.9999551773071289
250.0,4.0,0.9982105493545532
250.0,6.0,0.9978581666946411
250.0,8.0,0.9990650415420532
250.0,10.0,0.999907910823822
250.0,12.0,1.0007636547088623
250.0,14.0,1.0000872611999512
250.0,16.0,1.0008612871170044
250.0,18.0,1.0026509761810303
250.0,20.0,1.0061711072921753
250.0,22.0,1.004104495048523
250.0,24.0,0.9986953139305115
250.0,26.0,0.9869675636291504
250.0,28.0,0.9835472702980042
252.0,-30.0,1.0067853927612305
252.0,-28.0,1.0031099319458008
252.0,-26.0,1.0007637739181519
252.0,-24.0,0.9998781085014343
252.0,-22.0,0.9964473247528076
252.0,-20.0,0.9942464828491211
252.0,-18.0,0.9947081208229065
252.0,-16.0,0.9971307516098022
252.0,-14.0,0.9982459545135498
252.0,-12.0,1.0010628700256348
252.0,-10.0,1.0021380186080933
252.0,-8.0,0.9988688230514526
252.0,-6.0,0.9973018765449524
252.0,-4.0,0.9981299042701721
252.0,-2.0,0.9988433718681335
252.0,0.0,1.0001604557037354
252.0,2.0,0.9990202784538269
252.0,4.0,0.9987642765045166
252.0,6.0,0.9986851215362549
252.0,8.0,0.9995035529136658
252.0,10.0,1.0007070302963257
252.0,12.0,1.000409722328186
252.0,14.0,0.9994437098503113
252.0,16.0,1.000381350517273
252.0,18.0,1.0019309520721436
252.0,20.0,1.0034079551696777
252.0,22.0,0.9989428520202637
252.0,24.0,0.9885081052780151
252.0,26.0,0.9808984994888306
254.0,-30.0,1.0049388408660889
254.0,-28.0,1.0022273063659668
254.0,-26.0,0.9992808699607849
254.0,-24.0,0.9978844523429871
254.0,-22.0,0.9949299097061157
254.0,-20.0,0.9926121830940247
254.0,-18.0,0.9928351044654846
254.0,-16.0,0.9961320161819458
254.0,-14.0,0.9970406889915466
254.0,-12.0,1.000954270362854
254.0,-10.0,0.9987441897392273
254.0,-8.0,0.9969402551651001
254.0,-6.0,0.9952626824378967
254.0,-4.0,0.9957122206687927
254.0,-2.0,0.9964761734008789
254.0,0.0,0.9990623593330383
254.0,2.0,0.9993715286254883
254.0,4.0,0.9993561506271362
254.0,6.0,0.9989871382713318
254.0,8.0,0.9993577003479004
254.0,10.0,1.0003918409347534
254.0,12.0,0.9998387694358826
254.0,14.0,0.9995856285095215
254.0,16.0,1.0019135475158691
254.0,18.0,1.0024912357330322
254.0,20.0,1.0015077590942383
254.0,22.0,0.9941906332969666
254.0,24.0,0.9874879121780396
256.0,-30.0,1.0029561519622803
256.0,-28.0,1.0010954141616821
256.0,-26.0,0.9976714849472046
256.0,-24.0,0.9957696199417114
256.0,-22.0,0.9932219386100769
256.0,-20.0,0.9915063381195068
256.0,-18.0,0.9932831525802612
256.0,-16.0,0.9946824312210083
256.0,-14.0,0.9972787499427795
256.0,-12.0,1.0004174709320068
256.0,-10.0,0.9976444840431213
256.0,-8.0,0.9942159056663513
256.0,-6.0,0.993066668510437
256.0,-4.0,0.9931339025497437
256.0,-2.0,0.9941036105155945
256.0,0.0,0.9968699216842651
256.0,2.0,0.9989778399467468
256.0,4.0,0.9993428587913513
256.0,6.0,1.0002654790878296
256.0,8.0,1.0002130270004272
256.0,10.0,1.0003595352172852
256.0,12.0,0.9996792674064636
256.0,14.0,0.9996330738067627
256.0,16.0,1.0007413625717163
256.0,18.0,1.0023027658462524
258.0,-30.0,0.9974988102912903
258.0,-28.0,0.9961891174316406
258.0,-26.0,0.9966490864753723
258.0,-24.0,0.9935576915740967
258.0,-22.0,0.9913234710693359
258.0,-20.0,0.9899125695228577
258.0,-18.0,0.9910064339637756
258.0,-16.0,0.9930040240287781
258.0,-14.0,0.9966017007827759
258.0,-12.0,0.9982660412788391
258.0,-10.0,0.9971991777420044
258.0,-8.0,0.9917017221450806
258.0,-6.0,0.991486132144928
258.0,-4.0,0.9913023114204407
258.0,-2.0,0.9941233992576599
258.0,0.0,0.9949632287025452
258.0,2.0,0.9965227246284485
258.0,4.0,0.999471127986908
258.0,6.0,1.0004169940948486
258.0,8.0,1.000510573387146
258.0,10.0,1.0004395246505737
258.0,12.0,0.9992199540138245
258.0,14.0,0.998469889163971
258.0,16.0,0.9996950626373291
258.0,18.0,1.0019896030426025
260.0,-30.0,0.9973850250244141
260.0,-28.0,0.9936256408691406
260.0,-26.0,0.9934480786323547
260.0,-24.0,0.9920526146888733
260.0,-22.0,0.9901402592658997
260.0,-20.0,0.9882023930549622
260.0,-18.0,0.98868328332901
260.0,-16.0,0.9907843470573425
260.0,-14.0,0.9933646321296692
260.0,-12.0,0.9976980090141296
260.0,-10.0,0.9954586029052734
260.0,-8.0,0.9905956387519836
260.0,-6.0,0.9902588129043579
260.0,-4.0,0.989882230758667
260.0,-2.0,0.9912766814231873
260.0,0.0,0.9933836460113525
260.0,2.0,0.9974836111068726
260.0,4.0,0.9992094039916992
260.0,6.0,1.0016279220581055
260.0,8.0,1.0007004737854004
260.0,10.0,1.0002931356430054
260.0,12.0,0.9985060691833496
260.0,14.0,0.9973528385162354
260.0,16.0,0.9973894357681274
262.0,-30.0,0.9979091286659241
262.0,-28.0,0.9937523603439331
262.0,-26.0,0.9920161962509155
262.0,-24.0,0.9912492632865906
262.0,-22.0,0.9883731007575989
262.0,-20.0,0.9861528873443604
262.0,-18.0,0.9859874248504639
262.0,-16.0,0.9880051612854004
262.0,-14.0,0.9920772314071655
262.0,-12.0,0.9965850710868835
262.0,-10.0,0.9937626719474792
262.0,-8.0,0.9903382062911987
262.0,-6.0,0.9884315729141235
262.0,-4.0,0.9885831475257874
262.0,-2.0,0.9893124103546143
262.0,0.0,0.9912675023078918
262.0,2.0,0.9973682165145874
262.0,4.0,1.000119686126709
262.0,6.0,1.0013668537139893
262.0,8.0,1.0015509128570557
262.0,10.0,1.00032377243042
262.0,12.0,0.9978004097938538
262.0,14.0,0.9953616261482239
262.0,16.0,0.9950484037399292
264.0,-30.0,0.9960169792175293
264.0,-28.0,0.9924790263175964
264.0,-26.0,0.9914081692695618
264.0,-24.0,0.9891202449798584
264.0,-22.0,0.9853261709213257
264.0,-20.0,0.9843834042549133
264.0,-18.0,0.9850637316703796
264.0,-16.0,0.9887487888336182
264.0,-14.0,0.9923168420791626
264.0,-12.0,0.9955673217773438
264.0,-10.0,0.9934421181678772
264.0,-8.0,0.9902598261833191
264.0,-6.0,0.9893507957458496
264.0,-4.0,0.9864049553871155
264.0,-2.0,0.9888190031051636
264.0,0.0,0.9933471083641052
264.0,2.0,0.9980719685554504
264.0,4.0,1.0006450414657593
264.0,6.0,1.003947377204895
264.0,8.0,1.0027316808700562
264.0,10.0,1.0012863874435425
264.0,12.0,0.9972110986709595
264.0,14.0,0.9953122735023499
264.0,16.0,0.9940675497055054
264.0,20.0,0.9995419383049011
264.0,22.0,1.000826120376587
264.0,24.0,1.0008137226104736
264.0,26.0,0.9998573660850525
264.0,28.0,0.9985743165016174
266.0,-30.0,0.9928134679794312
266.0,-28.0,0.9912643432617188
266.0,-26.0,0.991023600101471
266.0,-24.0,0.9883401393890381
266.0,-22.0,0.9847018718719482
266.0,-20.0,0.9847017526626587
266.0,-18.0,0.9874190092086792
266.0,-16.0,0.9899482131004333
266.0,-14.0,0.9943180680274963
266.0,-12.0,0.9966937899589539
266.0,-10.0,0.9950340986251831
266.0,-8.0,0.9919119477272034
266.0,-6.0,0.9892042875289917
266.0,-4.0,0.9899311065673828
266.0,-2.0,0.988936722278595
266.0,0.0,0.9943563938140869
266.0,2.0,0.9999271631240845
266.0,4.0,1.004381537437439
266.0,6.0,1.006778359413147
266.0,8.0,1.0053914785385132
266.0,10.0,1.0026923418045044
266.0,12.0,0.9987495541572571
266.0,14.0,0.9960894584655762
266.0,16.0,0.9956072568893433
266.0,20.0,1.001554012298584
266.0,22.0,1.0038294792175293
266.0,24.0,1.0060244798660278
266.0,26.0,1.0040183067321777
266.0,28.0,1.0016452074050903
266.0,30.0,0.9997014999389648
266.0,60.0,1.0368229150772095
268.0,-30.0,0.9920772910118103
268.0,-28.0,0.9907751679420471
268.0,-26.0,0.9884942173957825
268.0,-24.0,0.9860597252845764
268.0,-22.0,0.9857831597328186
268.0,-20.0,0.9882948398590088
268.0,-18.0,0.9904336929321289
268.0,-16.0,0.9921385645866394
268.0,-14.0,0.9963728785514832
268.0,-12.0,0.9991613030433655
268.0,-10.0,0.9974181056022644
268.0,-8.0,0.9944709539413452
268.0,-6.0,0.992113471031189
268.0,-4.0,0.9912252426147461
268.0,-2.0,0.9932738542556763
268.0,0.0,0.9964947700500488
268.0,2.0,1.0021610260009766
268.0,4.0,1.0063070058822632
268.0,6.0,1.0074374675750732
268.0,8.0,1.007384181022644
268.0,10.0,1.0044342279434204
268.0,12.0,1.0009417533874512
268.0,14.0,0.9973092675209045
268.0,20.0,1.0059967041015625
268.0,22.0,1.0097588300704956
268.0,24.0,1.011501669883728
268.0,26.0,1.0087296962738037
268.0,28.0,1.0039772987365723
268.0,30.0,1.0022602081298828
268.0,58.0,1.0196692943572998
268.0,60.0,1.008027195930481
270.0,-30.0,0.9928587079048157
270.0,-28.0,0.9898478984832764
270.0,-26.0,0.990054190158844
270.0,-24.0,0.988105833530426
270.0,-22.0,0.9896683692932129
270.0,-20.0,0.9917070269584656
270.0,-18.0,0.9920476675033569
270.0,-16.0,0.9948062896728516
270.0,-14.0,0.9978353381156921
270.0,-12.0,0.9996744394302368
270.0,-10.0,0.9992190599441528
270.0,-8.0,0.9957724213600159
270.0,-6.0,0.9930249452590942
270.0,-4.0,0.9921217560768127
270.0,-2.0,0.9922072887420654
270.0,0.0,0.9935335516929626
270.0,2.0,1.0016956329345703
270.0,4.0,1.0074756145477295
270.0,6.0,1.0093172788619995
270.0,8.0,1.0088247060775757
270.0,10.0,1.004459023475647
270.0,12.0,1.0000413656234741
270.0,14.0,0.9968733787536621
270.0,20.0,1.0081486701965332
270.0,22.0,1.0122802257537842
270.0,24.0,1.012633204460144
270.0,26.0,1.0084559917449951
270.0,28.0,1.0051939487457275
270.0,30.0,1.0032116174697876
270.0,48.0,1.0108915567398071
270.0,58.0,1.0227835178375244
270.0,60.0,1.007681965827942
272.0,-30.0,0.9930372834205627
272.0,-28.0,0.9922049045562744
272.0,-26.0,0.9917947053909302
272.0,-24.0,0.9933881759643555
272.0,-22.0,0.9939212799072266
272.0,-20.0,0.9939075708389282
272.0,-18.0,0.9951016902923584
272.0,-16.0,0.996656596660614
272.0,-14.0,0.9978636503219604
272.0,-12.0,0.9994767308235168
272.0,-10.0,1.000267744064331
272.0,-8.0,0.9961386919021606
272.0,-6.0,0.9945286512374878
272.0,-4.0,0.994316577911377
272.0,-2.0,0.9951576590538025
272.0,0.0,0.9962865710258484
272.0,2.0,1.0016950368881226
272.0,4.0,1.0057986974716187
272.0,6.0,1.0092213153839111
272.0,8.0,1.0081714391708374
272.0,10.0,1.003993034362793
272.0,12.0,0.9993286728858948
272.0,14.0,0.9964408278465271
272.0,18.0,1.0064196586608887
272.0,22.0,1.0114401578903198
272.0,24.0,1.0103353261947632
272.0,26.0,1.0072420835494995
272.0,28.0,1.0068278312683105
272.0,30.0,1.0057286024093628
272.0,48.0,1.0143581628799438
272.0,58.0,1.0205612182617188
272.0,60.0,1.0058979988098145
274.0,-30.0,0.9955899119377136
274.0,-28.0,0.9952872395515442
274.0,-26.0,0.9972677230834961
274.0,-24.0,0.9994730949401855
274.0,-22.0,0.9968152046203613
274.0,-20.0,0.9949273467063904
274.0,-18.0,0.996224045753479
274.0,-16.0,0.9967433214187622
274.0,-14.0,0.9994748830795288
274.0,-12.0,1.0026884078979492
274.0,-10.0,1.001426100730896
274.0,-8.0,1.0003172159194946
274.0,-6.0,0.9962016344070435
274.0,-4.0,0.9945728182792664
274.0,-2.0,0.9952982068061829
274.0,0.0,0.9989502429962158
274.0,2.0,1.0021671056747437
274.0,4.0,1.008392333984375
274.0,6.0,1.0107611417770386
274.0,8.0,1.0062190294265747
274.0,10.0,1.003544569015503
274.0,12.0,1.0001535415649414
274.0,18.0,1.006128191947937
274.0,20.0,1.0075404644012451
274.0,22.0,1.0093743801116943
274.0,24.0,1.008117914199829
274.0,26.0,1.0085686445236206
274.0,28.0,1.0103693008422852
274.0,30.0,1.0100469589233398
274.0,44.0,0.9990636110305786
274.0,46.0,1.0043610334396362
274.0,48.0,1.0122126340866089
274.0,58.0,1.0185871124267578
274.0,60.0,1.00632905960083
276.0,-30.0,0.9991856813430786
276.0,-28.0,1.0008063316345215
276.0,-26.0,1.0017833709716797
276.0,-24.0,1.0022779703140259
276.0,-22.0,0.9996800422668457
276.0,-20.0,0.9984151124954224
276.0,-18.0,0.9971486926078796
276.0,-16.0,0.9990051984786987
276.0,-14.0,1.0017701387405396
276.0,-12.0,1.0047729015350342
276.0,-10.0,1.0051295757293701
276.0,-8.0,1.0020197629928589
276.0,-6.0,1.0026137828826904
276.0,-4.0,0.999062716960907
276.0,-2.0,0.9991251230239868
276.0,0.0,1.0008772611618042
276.0,2.0,1.0066380500793457
276.0,4.0,1.0121383666992188
276.0,6.0,1.0107496976852417
276.0,8.0,1.0056302547454834
276.0,10.0,1.0028061866760254
276.0,18.0,1.0045819282531738
276.0,20.0,1.0065922737121582
276.0,22.0,1.0062286853790283
276.0,24.0,1.006366491317749
276.0,26.0,1.0092860460281372
276.0,28.0,1.0114473104476929
276.0,30.0,1.0127965211868286
276.0,46.0,1.0061392784118652
276.0,48.0,1.0097721815109253
276.0,56.0,1.0152846574783325
276.0,58.0,1.0168757438659668
276.0,60.0,1.0091969966888428
278.0,-30.0,1.0011353492736816
278.0,-28.0,1.003202199935913
278.0,-26.0,1.0032851696014404
278.0,-24.0,1.0027109384536743
278.0,-22.0,1.0004721879959106
278.0,-20.0,0.9988994598388672
278.0,-18.0,1.0001182556152344
278.0,-16.0,1.0036112070083618
278.0,-14.0,1.0073142051696777
278.0,-12.0,1.0112178325653076
278.0,-10.0,1.0101882219314575
278.0,-8.0,1.0082646608352661
278.0,-6.0,1.007699728012085
278.0,-4.0,1.0025746822357178
278.0,-2.0,1.0028510093688965
278.0,0.0,1.005286693572998
278.0,2.0,1.0092536211013794
278.0,4.0,1.0114411115646362
278.0,6.0,1.00901198387146
278.0,8.0,1.0045961141586304
278.0,10.0,1.0006414651870728
278.0,12.0,0.9964184165000916
278.0,14.0,0.9938055872917175
278.0,16.0,0.9960756897926331
278.0,18.0,1.000823974609375
278.0,20.0,1.0044199228286743
278.0,22.0,1.0039523839950562
278.0,24.0,1.0042848587036133
278.0,26.0,1.0060194730758667
278.0,28.0,1.0087276697158813
278.0,42.0,1.004120945930481
278.0,44.0,1.0032553672790527
278.0,46.0,1.0029783248901367
278.0,54.0,1.013981580734253
278.0,56.0,1.0142662525177002
278.0,58.0,1.0259743928909302
278.0,60.0,1.020338535308838
280.0,-30.0,1.002186894416809
280.0,-28.0,1.001657485961914
280.0,-26.0,1.0042248964309692
280.0,-24.0,1.0033754110336304
280.0,-22.0,1.0008786916732788
280.0,-20.0,0.9991641044616699
280.0,-18.0,1.0030990839004517
280.0,-16.0,1.0087932348251343
280.0,-14.0,1.0149325132369995
280.0,-12.0,1.0172806978225708
280.0,-10.0,1.014941930770874
280.0,-8.0,1.0114988088607788
280.0,-6.0,1.0101686716079712
280.0,-2.0,1.0071752071380615
280.0,0.0,1.0089513063430786
280.0,2.0,1.0106710195541382
280.0,4.0,1.0112818479537964
280.0,6.0,1.008597493171692
280.0,8.0,1.0028802156448364
280.0,10.0,0.9985323548316956
280.0,12.0,0.9946842789649963
280.0,14.0,0.992634117603302
280.0,16.0,0.994344174861908
280.0,18.0,0.998764157295227
280.0,20.0,1.0030584335327148
280.0,22.0,1.0039888620376587
280.0,24.0,1.0033472776412964
280.0,26.0,1.001142144203186
280.0,28.0,0.9998674392700195
280.0,30.0,0.9968733191490173
280.0,32.0,0.9936768412590027
280.0,42.0,1.0081034898757935
280.0,44.0,1.0022227764129639
280.0,46.0,1.0155553817749023
280.0,52.0,1.0195519924163818
280.0,54.0,1.0202058553695679
280.0,56.0,1.0194287300109863
280.0,58.0,1.0336756706237793
280.0,60.0,1.0304911136627197
282.0,-30.0,1.0014588832855225
282.0,-28.0,1.0023009777069092
282.0,-26.0,1.0038126707077026
282.0,-24.0,1.003050684928894
282.0,-22.0,1.0024402141571045
282.0,-20.0,1.0044947862625122
282.0,-18.0,1.0096592903137207
282.0,-16.0,1.0141618251800537
282.0,-14.0,1.018225073814392
282.0,-12.0,1.0198050737380981
282.0,-10.0,1.0179296731948853
282.0,4.0,1.0091683864593506
282.0,6.0,1.0061174631118774
282.0,8.0,1.0004587173461914
282.0,10.0,0.9953608512878418
282.0,12.0,0.9915354251861572
282.0,14.0,0.9902544021606445
282.0,16.0,0.9923465251922607
282.0,18.0,0.9975847601890564
282.0,20.0,1.0035165548324585
282.0,22.0,1.0049936771392822
282.0,24.0,1.004633903503418
282.0,26.0,0.9991580247879028
282.0,28.0,0.9956418871879578
282.0,30.0,0.9922069311141968
282.0,32.0,0.990224301815033
282.0,34.0,0.989098846912384
282.0,44.0,1.002369999885559
282.0,56.0,1.0264533758163452
282.0,58.0,1.0402246713638306
282.0,60.0,1.0331236124038696
284.0,-30.0,1.000089168548584
284.0,-28.0,1.0026220083236694
284.0,-26.0,1.0046660900115967
284.0,-24.0,1.0055748224258423
284.0,-22.0,1.0052496194839478
284.0,-20.0,1.0076255798339844
284.0,-18.0,1.015030026435852
284.0,-16.0,1.0204416513442993
284.0,-14.0,1.019255518913269
284.0,-12.0,1.0222026109695435
284.0,10.0,0.9901801347732544
284.0,12.0,0.9869702458381653
284.0,14.0,0.9877416491508484
284.0,16.0,0.9911078214645386
284.0,18.0,0.9971399903297424
284.0,20.0,1.0026649236679077
284.0,22.0,1.0058867931365967
284.0,24.0,1.0046993494033813
284.0,26.0,1.0004385709762573
284.0,28.0,0.9936532378196716
284.0,30.0,0.9889861345291138
284.0,32.0,0.9847993850708008
284.0,34.0,0.9838858246803284
284.0,36.0,0.9926122426986694
284.0,38.0,1.0189167261123657
284.0,40.0,1.0370936393737793
284.0,44.0,1.0079988241195679
286.0,-30.0,0.9993024468421936
286.0,-28.0,1.0048335790634155
286.0,-26.0,1.0101239681243896
286.0,-24.0,1.0105136632919312
286.0,-22.0,1.0110421180725098
286.0,-20.0,1.015173077583313
286.0,-18.0,1.0201748609542847
286.0,-16.0,1.023055911064148
286.0,12.0,0.9855467081069946
286.0,14.0,0.9864186644554138
286.0,16.0,0.9904361367225647
286.0,18.0,0.9962016940116882
286.0,20.0,1.0021470785140991
286.0,22.0,1.005379319190979
286.0,24.0,1.0050283670425415
286.0,26.0,1.0002055168151855
286.0,28.0,0.9938708543777466
286.0,30.0,0.9872370362281799
286.0,32.0,0.9813745021820068
286.0,34.0,0.9778110384941101
286.0,36.0,0.9823295474052429
286.0,38.0,1.0044058561325073
286.0,40.0,1.0241508483886719
288.0,-30.0,0.9996171593666077
288.0,-28.0,1.0069271326065063
288.0,-26.0,1.0138596296310425
288.0,-24.0,1.0165101289749146
288.0,-22.0,1.0180937051773071
288.0,-20.0,1.0213141441345215
288.0,-18.0,1.02794349193573
288.0,-16.0,1.028866171836853
288.0,14.0,0.986748218536377
288.0,16.0,0.9905110001564026
288.0,18.0,0.9953857660293579
288.0,20.0,1.0003795623779297
288.0,22.0,1.0039056539535522
288.0,24.0,1.002705454826355
288.0,26.0,0.9989379644393921
288.0,28.0,0.9922758936882019
288.0,30.0,0.9869672060012817
288.0,32.0,0.980326235294342
288.0,34.0,0.9742102026939392
288.0,36.0,0.9729151725769043
288.0,38.0,0.9851784110069275
288.0,40.0,1.0068057775497437
288.0,42.0,1.0220943689346313
290.0,-26.0,1.0178592205047607
290.0,-24.0,1.0210307836532593
290.0,-22.0,1.0232391357421875
290.0,-20.0,1.0257678031921387
290.0,-18.0,1.030585527420044
290.0,12.0,0.985254168510437
290.0,14.0,0.9871776700019836
290.0,16.0,0.9905423521995544
290.0,18.0,0.9945895671844482
290.0,20.0,0.9983493685722351
290.0,22.0,1.000102162361145
290.0,24.0,0.9985881447792053
290.0,26.0,0.9954277873039246
290.0,28.0,0.988389790058136
290.0,30.0,0.9828174114227295
290.0,32.0,0.977463960647583
290.0,34.0,0.9711483120918274
290.0,36.0,0.9686824083328247
290.0,38.0,0.9739991426467896
290.0,40.0,0.9966909885406494
290.0,42.0,1.016241192817688
290.0,44.0,1.0240585803985596
