sm_loc_id,Lon,Lat,date,value,fit
1,-102.0,35.5,5/1/2014,161.83187869999998,198.42404
2,-102.0,36.0,5/1/2014,129.1881104,160.2735
3,-102.0,36.5,5/1/2014,135.99533080000003,147.54369
4,-102.0,37.0,5/1/2014,135.4305267,162.85243
5,-102.0,37.5,5/1/2014,153.790802,236.65628
6,-102.0,38.0,5/1/2014,134.4371643,213.3302
7,-102.0,38.5,5/1/2014,149.51431269999998,229.07372
8,-102.0,39.0,5/1/2014,168.82987980000001,223.82729
9,-102.0,39.5,5/1/2014,181.42082209999998,213.72583
10,-102.0,40.0,5/1/2014,182.1507568,204.10266
11,-102.0,40.5,5/1/2014,173.6334686,190.74815
12,-102.0,41.0,5/1/2014,202.4951019,228.71619
13,-102.0,41.5,5/1/2014,182.9358368,236.8117
14,-102.0,42.0,5/1/2014,205.0818634,219.461
15,-102.0,42.5,5/1/2014,246.31991580000002,220.36588
16,-102.0,43.0,5/1/2014,269.09045410000004,266.66864
17,-102.0,43.5,5/1/2014,219.8589935,237.52759
18,-102.0,44.0,5/1/2014,217.7693481,203.92195
19,-102.0,44.5,5/1/2014,251.38102719999998,214.53781
20,-102.0,45.0,5/1/2014,293.3355713,234.0215
21,-102.0,45.5,5/1/2014,255.9812622,213.96503
22,-102.0,46.0,5/1/2014,236.6116943,218.95615
23,-102.0,46.5,5/1/2014,274.1115417,229.55211
24,-102.0,47.0,5/1/2014,309.4768982,237.44547
25,-102.0,47.5,5/1/2014,271.2508545,220.34206
26,-102.0,48.0,5/1/2014,306.831604,262.52435
27,-102.0,48.5,5/1/2014,257.23913569999996,260.76447
28,-102.0,49.0,5/1/2014,264.7953491,250.88647
29,-101.5,35.5,5/1/2014,174.7219391,242.61957
30,-101.5,36.0,5/1/2014,149.7205811,216.39055
31,-101.5,36.5,5/1/2014,151.5565948,198.791
32,-101.5,37.0,5/1/2014,157.0272369,221.07898
33,-101.5,37.5,5/1/2014,140.4407654,236.65976
34,-101.5,38.0,5/1/2014,162.4351959,232.58047
35,-101.5,38.5,5/1/2014,181.0935364,269.48944
36,-101.5,39.0,5/1/2014,192.671463,272.01132
37,-101.5,39.5,5/1/2014,195.958725,246.90987
38,-101.5,40.0,5/1/2014,194.2098541,229.90189
39,-101.5,40.5,5/1/2014,173.81538390000003,215.22513
40,-101.5,41.0,5/1/2014,216.08827209999998,226.58969
41,-101.5,41.5,5/1/2014,203.3568115,210.85995
42,-101.5,42.0,5/1/2014,188.48704530000003,218.743
43,-101.5,42.5,5/1/2014,215.0668793,213.5227
44,-101.5,43.0,5/1/2014,279.9943542,237.6813
45,-101.5,43.5,5/1/2014,269.433136,231.29599
46,-101.5,44.0,5/1/2014,289.4636841,225.42908
47,-101.5,44.5,5/1/2014,285.67523189999997,249.41716
48,-101.5,45.0,5/1/2014,304.33663939999997,279.50046
49,-101.5,45.5,5/1/2014,253.4807739,235.86292
50,-101.5,46.0,5/1/2014,246.04136659999998,223.37885
51,-101.5,46.5,5/1/2014,271.6743164,224.39426
52,-101.5,47.0,5/1/2014,300.9407043,244.21262
53,-101.5,47.5,5/1/2014,280.85159300000004,233.20494
54,-101.5,48.0,5/1/2014,280.06414789999997,264.94373
55,-101.5,48.5,5/1/2014,263.10867310000003,269.2854
56,-101.5,49.0,5/1/2014,278.69525150000004,263.6532
57,-101.0,35.5,5/1/2014,171.99168400000002,277.28784
58,-101.0,36.0,5/1/2014,165.1747284,240.72131
59,-101.0,36.5,5/1/2014,162.73074340000002,239.46957
60,-101.0,37.0,5/1/2014,164.799942,229.16066
61,-101.0,37.5,5/1/2014,189.028717,244.7715
62,-101.0,38.0,5/1/2014,207.2242126,264.36212
63,-101.0,38.5,5/1/2014,225.5075226,277.50256
64,-101.0,39.0,5/1/2014,223.81106569999997,284.8993
65,-101.0,39.5,5/1/2014,197.49147030000003,266.97202
66,-101.0,40.0,5/1/2014,194.6187592,243.04556
67,-101.0,40.5,5/1/2014,214.8386841,247.00073
68,-101.0,41.0,5/1/2014,216.82345580000003,230.78452
69,-101.0,41.5,5/1/2014,208.2835236,212.6434
70,-101.0,42.0,5/1/2014,206.8091583,241.11903
71,-101.0,42.5,5/1/2014,200.5538483,229.59473
72,-101.0,43.0,5/1/2014,216.06478880000003,195.89038
73,-101.0,43.5,5/1/2014,233.83811949999998,200.84598
74,-101.0,44.0,5/1/2014,278.19424439999995,225.94585
75,-101.0,44.5,5/1/2014,271.64901729999997,249.81812
76,-101.0,45.0,5/1/2014,310.60150150000004,288.64575
77,-101.0,45.5,5/1/2014,291.3103333,248.30061
78,-101.0,46.0,5/1/2014,264.8165894,231.1914
79,-101.0,46.5,5/1/2014,272.99700930000006,247.43541
80,-101.0,47.0,5/1/2014,292.4060669,255.12857
81,-101.0,47.5,5/1/2014,281.9820557,250.27272
82,-101.0,48.0,5/1/2014,283.2408142,273.69873
83,-101.0,48.5,5/1/2014,271.9806519,278.85693
84,-101.0,49.0,5/1/2014,282.2193909,284.24017
85,-100.5,35.5,5/1/2014,167.9219971,238.40947
86,-100.5,36.0,5/1/2014,187.4155731,251.24553
87,-100.5,36.5,5/1/2014,154.2045746,252.47957
88,-100.5,37.0,5/1/2014,156.38900759999999,222.0053
89,-100.5,37.5,5/1/2014,230.224823,273.91003
90,-100.5,38.0,5/1/2014,226.11409,295.59183
91,-100.5,38.5,5/1/2014,198.02566530000001,276.22156
92,-100.5,39.0,5/1/2014,192.9615784,286.02325
93,-100.5,39.5,5/1/2014,195.07020569999997,270.9842
94,-100.5,40.0,5/1/2014,205.6152344,256.9716
95,-100.5,40.5,5/1/2014,208.9664307,261.08105
96,-100.5,41.0,5/1/2014,209.92375180000002,260.55786
97,-100.5,41.5,5/1/2014,226.87663270000002,251.65193
98,-100.5,42.0,5/1/2014,241.4616699,260.26407
99,-100.5,42.5,5/1/2014,225.5491028,249.61327
100,-100.5,43.0,5/1/2014,224.3252869,213.99503
101,-100.5,43.5,5/1/2014,220.14323430000005,204.83054
102,-100.5,44.0,5/1/2014,238.7809906,221.84393
103,-100.5,44.5,5/1/2014,267.99694819999996,267.9728
104,-100.5,45.0,5/1/2014,319.10699460000006,305.8606
105,-100.5,45.5,5/1/2014,293.47644039999994,254.68866
106,-100.5,46.0,5/1/2014,254.4576721,231.30328
107,-100.5,46.5,5/1/2014,284.6296387,236.82036
108,-100.5,47.0,5/1/2014,279.3663025,244.78503
109,-100.5,47.5,5/1/2014,235.2782745,238.91151
110,-100.5,48.0,5/1/2014,272.9871521,255.06377
111,-100.5,48.5,5/1/2014,284.56866460000003,274.9924
112,-100.5,49.0,5/1/2014,276.65655519999996,274.107
113,-100.0,35.5,5/1/2014,213.89280699999998,239.63478
114,-100.0,36.0,5/1/2014,224.8059692,268.87122
115,-100.0,36.5,5/1/2014,176.5115356,287.31174
116,-100.0,37.0,5/1/2014,160.99378969999998,247.88214
117,-100.0,37.5,5/1/2014,260.7506714,268.4958
118,-100.0,38.0,5/1/2014,268.8865662,273.5838
119,-100.0,38.5,5/1/2014,201.8345795,270.61264
120,-100.0,39.0,5/1/2014,163.0639496,288.23126
121,-100.0,39.5,5/1/2014,210.40048219999997,278.14798
122,-100.0,40.0,5/1/2014,171.8756409,245.64333
123,-100.0,40.5,5/1/2014,216.9533081,273.5908
124,-100.0,41.0,5/1/2014,241.40469359999997,308.30975
125,-100.0,41.5,5/1/2014,237.0075989,292.8089
126,-100.0,42.0,5/1/2014,220.24786380000003,258.88562
127,-100.0,42.5,5/1/2014,237.03923030000004,263.7904
128,-100.0,43.0,5/1/2014,255.7297516,258.8783
129,-100.0,43.5,5/1/2014,249.32333369999998,258.03613
130,-100.0,44.0,5/1/2014,235.6278687,250.30014
131,-100.0,44.5,5/1/2014,267.7156372,281.70636
132,-100.0,45.0,5/1/2014,290.3821411,318.14447
133,-100.0,45.5,5/1/2014,264.1944885,263.3595
134,-100.0,46.0,5/1/2014,268.8007202,250.79866
135,-100.0,46.5,5/1/2014,297.98602289999997,235.7511
136,-100.0,47.0,5/1/2014,260.8884583,230.27922
137,-100.0,47.5,5/1/2014,215.75270079999999,236.43858
138,-100.0,48.0,5/1/2014,241.3560181,255.32945
139,-100.0,48.5,5/1/2014,265.0562744,258.61804
140,-100.0,49.0,5/1/2014,261.9732056,262.15527
141,-99.5,35.5,5/1/2014,245.06475830000002,287.92337
142,-99.5,36.0,5/1/2014,230.9320679,303.32294
143,-99.5,36.5,5/1/2014,193.5957336,305.96033
144,-99.5,37.0,5/1/2014,196.794754,256.5368
145,-99.5,37.5,5/1/2014,229.1612244,266.77716
146,-99.5,38.0,5/1/2014,207.44284059999998,217.3434
147,-99.5,38.5,5/1/2014,216.08363340000002,270.54224
148,-99.5,39.0,5/1/2014,225.6086121,317.17297
149,-99.5,39.5,5/1/2014,231.652771,296.77045
150,-99.5,40.0,5/1/2014,229.59927369999997,274.55066
151,-99.5,40.5,5/1/2014,262.0711365,314.25748
152,-99.5,41.0,5/1/2014,257.7781677,297.10977
153,-99.5,41.5,5/1/2014,263.2061462,321.67114
154,-99.5,42.0,5/1/2014,230.76397709999998,297.64752
155,-99.5,42.5,5/1/2014,219.40040589999998,268.25735
156,-99.5,43.0,5/1/2014,267.56732180000006,286.0857
157,-99.5,43.5,5/1/2014,261.5172729,291.29437
158,-99.5,44.0,5/1/2014,246.9329224,279.13446
159,-99.5,44.5,5/1/2014,263.5151062,264.44452
160,-99.5,45.0,5/1/2014,272.0140076,264.04813
161,-99.5,45.5,5/1/2014,249.3087463,227.35564
162,-99.5,46.0,5/1/2014,272.1385193,243.57008
163,-99.5,46.5,5/1/2014,321.5637512,252.95512
164,-99.5,47.0,5/1/2014,275.0351563,234.06157
165,-99.5,47.5,5/1/2014,222.2101898,226.33807
166,-99.5,48.0,5/1/2014,236.44598390000002,285.15146
167,-99.5,48.5,5/1/2014,252.1520538,271.87415
168,-99.5,49.0,5/1/2014,247.16510010000002,265.0985
169,-99.0,35.5,5/1/2014,287.7461243,322.3294
170,-99.0,36.0,5/1/2014,274.30484010000004,335.18347
171,-99.0,36.5,5/1/2014,246.7167358,351.5866
172,-99.0,37.0,5/1/2014,208.16117859999997,286.74854
173,-99.0,37.5,5/1/2014,220.0748901,261.70358
174,-99.0,38.0,5/1/2014,288.8935852,287.4046
175,-99.0,38.5,5/1/2014,265.4931335,294.32452
176,-99.0,39.0,5/1/2014,250.60317990000001,321.5169
177,-99.0,39.5,5/1/2014,217.01818849999998,290.21835
178,-99.0,40.0,5/1/2014,266.2314758,293.36502
179,-99.0,40.5,5/1/2014,303.78170780000005,330.4273
180,-99.0,41.0,5/1/2014,300.0008545,316.5031
181,-99.0,41.5,5/1/2014,289.3816528,351.3425
182,-99.0,42.0,5/1/2014,273.1360474,344.40408
183,-99.0,42.5,5/1/2014,243.5251923,291.5874
184,-99.0,43.0,5/1/2014,262.90759280000003,255.916
185,-99.0,43.5,5/1/2014,260.44064330000003,276.15927
186,-99.0,44.0,5/1/2014,256.2524719,289.99454
187,-99.0,44.5,5/1/2014,240.28800959999998,267.7529
188,-99.0,45.0,5/1/2014,263.8312073,243.60521
189,-99.0,45.5,5/1/2014,252.50885010000002,241.91826
190,-99.0,46.0,5/1/2014,296.1284485,258.70535
191,-99.0,46.5,5/1/2014,361.0065002,303.04684
192,-99.0,47.0,5/1/2014,297.7755127,237.72137
193,-99.0,47.5,5/1/2014,261.6523132,235.4702
194,-99.0,48.0,5/1/2014,272.36447139999996,310.96393
195,-99.0,48.5,5/1/2014,302.54690550000004,317.53088
196,-99.0,49.0,5/1/2014,255.45784,276.57812
197,-98.5,35.5,5/1/2014,310.63235469999995,385.04428
198,-98.5,36.0,5/1/2014,305.9192505,369.84518
199,-98.5,36.5,5/1/2014,260.6951904,377.339
200,-98.5,37.0,5/1/2014,236.59144590000002,342.6677
201,-98.5,37.5,5/1/2014,262.0229492,294.6941
202,-98.5,38.0,5/1/2014,296.38275150000004,283.6786
203,-98.5,38.5,5/1/2014,299.3658142,292.80518
204,-98.5,39.0,5/1/2014,246.9193878,313.15036
205,-98.5,39.5,5/1/2014,223.6736298,276.0187
206,-98.5,40.0,5/1/2014,259.0508423,301.2023
207,-98.5,40.5,5/1/2014,283.1222229,314.50012
208,-98.5,41.0,5/1/2014,310.5587769,329.3898
209,-98.5,41.5,5/1/2014,296.98391719999995,350.13586
210,-98.5,42.0,5/1/2014,277.0436401,361.775
211,-98.5,42.5,5/1/2014,274.40625,337.52777
212,-98.5,43.0,5/1/2014,269.7684021,275.9929
213,-98.5,43.5,5/1/2014,238.81787110000002,260.07495
214,-98.5,44.0,5/1/2014,251.72819520000002,281.85587
215,-98.5,44.5,5/1/2014,253.1908417,279.61026
216,-98.5,45.0,5/1/2014,270.5911255,257.76074
217,-98.5,45.5,5/1/2014,257.0103149,263.55557
218,-98.5,46.0,5/1/2014,317.64840699999996,290.1989
219,-98.5,46.5,5/1/2014,350.34820560000003,297.86383
220,-98.5,47.0,5/1/2014,320.09799189999995,275.50934
221,-98.5,47.5,5/1/2014,300.2661133,269.60706
222,-98.5,48.0,5/1/2014,306.41741939999997,324.87598
223,-98.5,48.5,5/1/2014,312.2377625,318.30328
224,-98.5,49.0,5/1/2014,258.003479,294.1937
225,-98.0,35.5,5/1/2014,305.31991580000005,417.8469
226,-98.0,36.0,5/1/2014,274.74960330000005,377.7987
227,-98.0,36.5,5/1/2014,270.4784546,363.90714
228,-98.0,37.0,5/1/2014,293.3217773,365.52667
229,-98.0,37.5,5/1/2014,309.67962650000004,319.72287
230,-98.0,38.0,5/1/2014,307.64132689999997,253.00563
231,-98.0,38.5,5/1/2014,307.027832,259.27127
232,-98.0,39.0,5/1/2014,283.8371887,277.72754
233,-98.0,39.5,5/1/2014,290.4284668,303.3689
234,-98.0,40.0,5/1/2014,302.86468510000003,368.72427
235,-98.0,40.5,5/1/2014,275.57946780000003,339.41412
236,-98.0,41.0,5/1/2014,307.97995,347.0681
237,-98.0,41.5,5/1/2014,329.64398189999997,388.75375
238,-98.0,42.0,5/1/2014,277.6106567,379.1703
239,-98.0,42.5,5/1/2014,273.032135,331.48962
240,-98.0,43.0,5/1/2014,231.95417790000002,297.3847
241,-98.0,43.5,5/1/2014,203.9498596,264.089
242,-98.0,44.0,5/1/2014,235.59120180000002,262.81012
243,-98.0,44.5,5/1/2014,265.962738,250.9304
244,-98.0,45.0,5/1/2014,243.7410126,227.48164
245,-98.0,45.5,5/1/2014,252.2366028,247.1171
246,-98.0,46.0,5/1/2014,329.0428162,269.3797
247,-98.0,46.5,5/1/2014,333.2182617,267.28796
248,-98.0,47.0,5/1/2014,349.10168460000006,297.2526
249,-98.0,47.5,5/1/2014,331.0747375,319.6261
250,-98.0,48.0,5/1/2014,304.7840881,316.2998
251,-98.0,48.5,5/1/2014,293.0636597,295.65967
252,-98.0,49.0,5/1/2014,275.4493408,296.38443
253,-97.5,35.5,5/1/2014,338.7680664,467.89316
254,-97.5,36.0,5/1/2014,319.666748,409.1499
255,-97.5,36.5,5/1/2014,288.02789310000003,367.73456
256,-97.5,37.0,5/1/2014,306.6657715,379.94052
257,-97.5,37.5,5/1/2014,356.8144226,358.83887
258,-97.5,38.0,5/1/2014,342.2469177,274.54938
259,-97.5,38.5,5/1/2014,320.57901,256.90845
260,-97.5,39.0,5/1/2014,330.4563599,298.93835
261,-97.5,39.5,5/1/2014,349.93368530000004,334.5736
262,-97.5,40.0,5/1/2014,333.3995361,362.5849
263,-97.5,40.5,5/1/2014,299.3451233,362.90338
264,-97.5,41.0,5/1/2014,293.93026729999997,339.52383
265,-97.5,41.5,5/1/2014,341.0943909,379.15833
266,-97.5,42.0,5/1/2014,304.2866211,400.7089
267,-97.5,42.5,5/1/2014,285.57330319999994,344.11322
268,-97.5,43.0,5/1/2014,209.99385069999997,288.69934
269,-97.5,43.5,5/1/2014,225.90399169999998,288.3143
270,-97.5,44.0,5/1/2014,232.1327972,270.4828
271,-97.5,44.5,5/1/2014,242.1646576,250.93608
272,-97.5,45.0,5/1/2014,280.3709717,267.20383
273,-97.5,45.5,5/1/2014,291.7441711,227.00299
274,-97.5,46.0,5/1/2014,323.9844666,250.90703
275,-97.5,46.5,5/1/2014,340.85098270000003,248.41219
276,-97.5,47.0,5/1/2014,361.8868408,289.74658
277,-97.5,47.5,5/1/2014,321.7998047,299.39438
278,-97.5,48.0,5/1/2014,293.4223633,310.52252
279,-97.5,48.5,5/1/2014,263.06008909999997,282.3203
280,-97.5,49.0,5/1/2014,281.574707,299.9592
281,-97.0,35.5,5/1/2014,407.4413757,491.4752
282,-97.0,36.0,5/1/2014,320.9121399,382.7611
283,-97.0,36.5,5/1/2014,305.1660461,387.79016
284,-97.0,37.0,5/1/2014,314.2146606,405.77884
285,-97.0,37.5,5/1/2014,364.1764221,373.77734
286,-97.0,38.0,5/1/2014,382.1654663,317.52966
287,-97.0,38.5,5/1/2014,336.449585,297.34863
288,-97.0,39.0,5/1/2014,320.897583,312.31787
289,-97.0,39.5,5/1/2014,310.7484131,333.23602
290,-97.0,40.0,5/1/2014,334.8492432,354.36365
291,-97.0,40.5,5/1/2014,302.2454224,365.21252
292,-97.0,41.0,5/1/2014,319.64883419999995,378.40222
293,-97.0,41.5,5/1/2014,305.88351439999997,377.56107
294,-97.0,42.0,5/1/2014,321.69302369999997,396.16565
295,-97.0,42.5,5/1/2014,277.60836789999996,339.67285
296,-97.0,43.0,5/1/2014,224.5477295,316.0343
297,-97.0,43.5,5/1/2014,257.9990234,288.92883
298,-97.0,44.0,5/1/2014,247.702652,246.33823
299,-97.0,44.5,5/1/2014,275.1495361,281.95386
300,-97.0,45.0,5/1/2014,281.3536682,275.88864
301,-97.0,45.5,5/1/2014,268.56811519999997,224.89883
302,-97.0,46.0,5/1/2014,285.3774414,233.30473
303,-97.0,46.5,5/1/2014,321.661377,256.3111
304,-97.0,47.0,5/1/2014,334.7697144,265.93887
305,-97.0,47.5,5/1/2014,304.53866580000005,282.88696
306,-97.0,48.0,5/1/2014,283.42913819999995,289.25882
307,-97.0,48.5,5/1/2014,271.7669983,265.8806
308,-97.0,49.0,5/1/2014,297.764801,308.58145
309,-96.5,35.5,5/1/2014,415.9649963,453.11584
310,-96.5,36.0,5/1/2014,397.1131287,403.56387
311,-96.5,36.5,5/1/2014,342.516449,393.60486
312,-96.5,37.0,5/1/2014,317.7523193,397.2686
313,-96.5,37.5,5/1/2014,357.5295105,376.11444
314,-96.5,38.0,5/1/2014,399.59432979999997,345.77634
315,-96.5,38.5,5/1/2014,367.6843262,354.37137
316,-96.5,39.0,5/1/2014,314.72009280000003,344.2271
317,-96.5,39.5,5/1/2014,331.50585939999996,346.3643
318,-96.5,40.0,5/1/2014,358.5821838,344.5733
319,-96.5,40.5,5/1/2014,285.8174744,352.704
320,-96.5,41.0,5/1/2014,259.42739869999997,347.2055
321,-96.5,41.5,5/1/2014,318.5047302,365.15027
322,-96.5,42.0,5/1/2014,306.7554016,375.95
323,-96.5,42.5,5/1/2014,314.4277039,342.74716
324,-96.5,43.0,5/1/2014,284.5498962,357.69205
325,-96.5,43.5,5/1/2014,279.6386414,323.3609
326,-96.5,44.0,5/1/2014,271.6627808,270.26117
327,-96.5,44.5,5/1/2014,266.5094299,259.64923
328,-96.5,45.0,5/1/2014,271.9415894,248.87543
329,-96.5,45.5,5/1/2014,285.45593260000004,226.28851
330,-96.5,46.0,5/1/2014,314.08746339999993,249.07729
331,-96.5,46.5,5/1/2014,371.1808472,277.20956
332,-96.5,47.0,5/1/2014,355.2180786,300.56226
333,-96.5,47.5,5/1/2014,341.021759,317.02307
334,-96.5,48.0,5/1/2014,268.7280579,288.39813
335,-96.5,48.5,5/1/2014,271.94717410000004,256.8966
336,-96.5,49.0,5/1/2014,287.4064331,258.756
337,-96.0,35.5,5/1/2014,422.82345580000003,491.0761
338,-96.0,36.0,5/1/2014,433.57373049999995,444.37485
339,-96.0,36.5,5/1/2014,386.35690310000007,411.15094
340,-96.0,37.0,5/1/2014,381.7055664,423.787
341,-96.0,37.5,5/1/2014,355.1142883,431.462
342,-96.0,38.0,5/1/2014,408.01583860000005,427.5165
343,-96.0,38.5,5/1/2014,420.87548830000003,381.85025
344,-96.0,39.0,5/1/2014,326.8136902,339.3957
345,-96.0,39.5,5/1/2014,344.42245479999997,354.95538
346,-96.0,40.0,5/1/2014,366.8449707,358.75363
347,-96.0,40.5,5/1/2014,295.00946039999997,343.24963
348,-96.0,41.0,5/1/2014,296.2158203,363.5344
349,-96.0,41.5,5/1/2014,352.7198792,377.1547
350,-96.0,42.0,5/1/2014,324.85214229999997,393.13394
351,-96.0,42.5,5/1/2014,309.4711914,354.43573
352,-96.0,43.0,5/1/2014,281.8399963,387.77725
353,-96.0,43.5,5/1/2014,259.59921260000004,346.47217
354,-96.0,44.0,5/1/2014,272.97714229999997,264.0805
355,-96.0,44.5,5/1/2014,256.6031494,237.69441
356,-96.0,45.0,5/1/2014,277.85571289999996,254.13928
357,-96.0,45.5,5/1/2014,296.54937739999997,263.04514
358,-96.0,46.0,5/1/2014,362.7595825,266.6183
359,-96.0,46.5,5/1/2014,367.37335210000003,279.5775
360,-96.0,47.0,5/1/2014,357.61123660000004,331.58704
361,-96.0,47.5,5/1/2014,324.3058472,325.7233
362,-96.0,48.0,5/1/2014,239.5353546,254.83714
363,-96.0,48.5,5/1/2014,272.2035522,252.78789
364,-96.0,49.0,5/1/2014,308.15625,252.57242
365,-95.5,35.5,5/1/2014,439.2102661,516.57935
366,-95.5,36.0,5/1/2014,451.229187,483.8527
367,-95.5,36.5,5/1/2014,423.30889890000003,479.9466
368,-95.5,37.0,5/1/2014,412.69485469999995,452.4168
369,-95.5,37.5,5/1/2014,377.1867065,440.55316
370,-95.5,38.0,5/1/2014,407.35116580000005,440.13574
371,-95.5,38.5,5/1/2014,389.5273132,381.47278
372,-95.5,39.0,5/1/2014,358.088562,316.27264
373,-95.5,39.5,5/1/2014,349.2529297,335.4605
374,-95.5,40.0,5/1/2014,354.9451294,335.9413
375,-95.5,40.5,5/1/2014,341.55804439999997,357.96652
376,-95.5,41.0,5/1/2014,359.348114,401.31302
377,-95.5,41.5,5/1/2014,367.52960210000003,412.3925
378,-95.5,42.0,5/1/2014,335.2746277,427.49615
379,-95.5,42.5,5/1/2014,283.0075378,399.0729
380,-95.5,43.0,5/1/2014,287.1420593,421.79642
381,-95.5,43.5,5/1/2014,264.12445069999995,380.2341
382,-95.5,44.0,5/1/2014,300.2154236,313.63788
383,-95.5,44.5,5/1/2014,273.17352289999997,275.06384
384,-95.5,45.0,5/1/2014,308.3621216,272.6125
385,-95.5,45.5,5/1/2014,347.05429080000005,306.53806
386,-95.5,46.0,5/1/2014,381.9403992,301.08478
387,-95.5,46.5,5/1/2014,344.21905519999996,307.4033
388,-95.5,47.0,5/1/2014,349.0762939,343.35098
389,-95.5,47.5,5/1/2014,301.51461789999996,331.3585
390,-95.5,48.0,5/1/2014,252.75233459999998,264.69373
391,-95.5,48.5,5/1/2014,254.97616580000002,262.84848
392,-95.5,49.0,5/1/2014,282.04599,271.46857
393,-95.0,35.5,5/1/2014,480.9983826,478.6027
394,-95.0,36.0,5/1/2014,487.70767209999997,462.4532
395,-95.0,36.5,5/1/2014,423.4665222,456.2812
396,-95.0,37.0,5/1/2014,406.79388430000006,454.67285
397,-95.0,37.5,5/1/2014,430.7973938,451.64465
398,-95.0,38.0,5/1/2014,461.11694339999997,433.30496
399,-95.0,38.5,5/1/2014,429.2123108,377.71802
400,-95.0,39.0,5/1/2014,401.38500980000003,369.69238
401,-95.0,39.5,5/1/2014,361.0560913,350.43478
402,-95.0,40.0,5/1/2014,399.724884,390.27252
403,-95.0,40.5,5/1/2014,361.7146912,403.62613
404,-95.0,41.0,5/1/2014,405.80453489999996,428.91754
405,-95.0,41.5,5/1/2014,376.67202760000004,439.409
406,-95.0,42.0,5/1/2014,337.9309692,448.93063
407,-95.0,42.5,5/1/2014,327.394043,435.69238
408,-95.0,43.0,5/1/2014,327.7041626,425.2133
409,-95.0,43.5,5/1/2014,351.7161255,406.96478
410,-95.0,44.0,5/1/2014,349.83117680000004,352.46515
411,-95.0,44.5,5/1/2014,333.0430298,327.6116
412,-95.0,45.0,5/1/2014,369.47155760000004,340.2677
413,-95.0,45.5,5/1/2014,394.36203,349.6172
414,-95.0,46.0,5/1/2014,410.7848816,357.76886
415,-95.0,46.5,5/1/2014,376.9947815,381.97775
416,-95.0,47.0,5/1/2014,362.64819339999997,376.833
417,-95.0,47.5,5/1/2014,268.1913757,321.30237
418,-95.0,48.0,5/1/2014,257.9155273,295.3961
419,-95.0,48.5,5/1/2014,282.909729,289.60382
420,-95.0,49.0,5/1/2014,290.693573,290.02493
421,-94.5,35.5,5/1/2014,543.9555054,476.62518
422,-94.5,36.0,5/1/2014,506.2886353,451.84772
423,-94.5,36.5,5/1/2014,401.6199646,434.8257
424,-94.5,37.0,5/1/2014,401.82186889999997,447.0703
425,-94.5,37.5,5/1/2014,438.2466125,463.8915
426,-94.5,38.0,5/1/2014,442.64480589999994,432.40973
427,-94.5,38.5,5/1/2014,410.81811519999997,373.50333
428,-94.5,39.0,5/1/2014,411.34921260000004,352.83527
429,-94.5,39.5,5/1/2014,371.50946039999997,333.04913
430,-94.5,40.0,5/1/2014,397.6212463,397.8515
431,-94.5,40.5,5/1/2014,376.49975589999997,434.12228
432,-94.5,41.0,5/1/2014,398.6931458,440.88202
433,-94.5,41.5,5/1/2014,388.3540955,443.1747
434,-94.5,42.0,5/1/2014,346.8204956,440.69406
435,-94.5,42.5,5/1/2014,357.6609497,472.4046
436,-94.5,43.0,5/1/2014,444.3269043000001,483.05118
437,-94.5,43.5,5/1/2014,413.535553,426.83917
438,-94.5,44.0,5/1/2014,416.2893372,402.9727
439,-94.5,44.5,5/1/2014,380.30767819999994,380.04553
440,-94.5,45.0,5/1/2014,409.71804810000003,382.25372
441,-94.5,45.5,5/1/2014,411.5559692,369.18335
442,-94.5,46.0,5/1/2014,458.19839479999996,360.26266
443,-94.5,46.5,5/1/2014,389.85055539999996,375.3498
444,-94.5,47.0,5/1/2014,354.0741577,362.3078
445,-94.5,47.5,5/1/2014,294.53454589999996,324.39404
446,-94.5,48.0,5/1/2014,265.9178162,305.4022
447,-94.5,48.5,5/1/2014,318.71200560000005,361.0174
448,-94.5,49.0,5/1/2014,342.28549189999995,341.14886
449,-94.0,35.5,5/1/2014,524.7903441999999,459.0641
450,-94.0,36.0,5/1/2014,482.5760193,428.98215
451,-94.0,36.5,5/1/2014,455.96322630000003,419.46024
452,-94.0,37.0,5/1/2014,424.1394653,424.52045
453,-94.0,37.5,5/1/2014,428.6072083000001,461.67004
454,-94.0,38.0,5/1/2014,432.3706665,431.5254
455,-94.0,38.5,5/1/2014,366.478302,362.11273
456,-94.0,39.0,5/1/2014,422.3414307,331.11798
457,-94.0,39.5,5/1/2014,377.6982117,337.63458
458,-94.0,40.0,5/1/2014,369.6970825,382.08005
459,-94.0,40.5,5/1/2014,380.0290222,426.17722
460,-94.0,41.0,5/1/2014,395.2268372,454.5155
461,-94.0,41.5,5/1/2014,404.8706055,454.65405
462,-94.0,42.0,5/1/2014,391.61273189999997,464.5478
463,-94.0,42.5,5/1/2014,372.19085689999997,501.35834
464,-94.0,43.0,5/1/2014,446.88763430000006,511.39868
465,-94.0,43.5,5/1/2014,450.13644410000006,460.09375
466,-94.0,44.0,5/1/2014,423.188324,411.41446
467,-94.0,44.5,5/1/2014,393.213623,384.10522
468,-94.0,45.0,5/1/2014,409.53216549999996,355.88943
469,-94.0,45.5,5/1/2014,417.0475159,380.44867
470,-94.0,46.0,5/1/2014,448.0561218,401.3603
471,-94.0,46.5,5/1/2014,420.2198181,410.63754
472,-94.0,47.0,5/1/2014,384.0180664,392.3266
473,-94.0,47.5,5/1/2014,339.309906,339.71094
474,-94.0,48.0,5/1/2014,335.5086365,348.60275
475,-94.0,48.5,5/1/2014,353.5759888,382.59158
476,-94.0,49.0,5/1/2014,362.877655,359.89093
477,-93.5,35.5,5/1/2014,532.0740356000001,481.38583
478,-93.5,36.0,5/1/2014,482.3982544,463.28333
479,-93.5,36.5,5/1/2014,390.2759705,396.1055
480,-93.5,37.0,5/1/2014,460.8348694,425.59924
481,-93.5,37.5,5/1/2014,479.9156799,457.35062
482,-93.5,38.0,5/1/2014,464.06527710000006,442.30704
483,-93.5,38.5,5/1/2014,405.45874019999997,375.04272
484,-93.5,39.0,5/1/2014,417.0701294,320.46213
485,-93.5,39.5,5/1/2014,390.78149410000003,332.8925
486,-93.5,40.0,5/1/2014,355.7251892,380.90646
487,-93.5,40.5,5/1/2014,380.0315247,423.62823
488,-93.5,41.0,5/1/2014,372.757019,444.81024
489,-93.5,41.5,5/1/2014,406.4513855,453.98563
490,-93.5,42.0,5/1/2014,414.6311035,477.47833
491,-93.5,42.5,5/1/2014,407.53085330000005,517.3853
492,-93.5,43.0,5/1/2014,460.35708619999997,507.7721
493,-93.5,43.5,5/1/2014,453.1303711,456.59637
494,-93.5,44.0,5/1/2014,442.06149289999996,416.67703
495,-93.5,44.5,5/1/2014,425.88562010000004,425.16586
496,-93.5,45.0,5/1/2014,436.0300903,416.29266
497,-93.5,45.5,5/1/2014,447.9216614,411.6442
498,-93.5,46.0,5/1/2014,436.58367919999995,439.4775
499,-93.5,46.5,5/1/2014,436.9693298,446.6381
500,-93.5,47.0,5/1/2014,391.1549988,396.7472
501,-93.5,47.5,5/1/2014,371.0747375,362.52988
502,-93.5,48.0,5/1/2014,370.2394409,383.33173
503,-93.5,48.5,5/1/2014,341.49249269999996,374.28094
504,-93.5,49.0,5/1/2014,336.139801,340.44733
505,-93.0,35.5,5/1/2014,545.8276977999999,499.90778
506,-93.0,36.0,5/1/2014,521.0997925,476.4255
507,-93.0,36.5,5/1/2014,459.827301,451.22028
508,-93.0,37.0,5/1/2014,511.90246579999996,446.3455
509,-93.0,37.5,5/1/2014,487.6634216,445.53082
510,-93.0,38.0,5/1/2014,442.83831789999994,414.30173
511,-93.0,38.5,5/1/2014,372.5099792,345.55356
512,-93.0,39.0,5/1/2014,449.1470337,336.28088
513,-93.0,39.5,5/1/2014,416.6334839,372.66528
514,-93.0,40.0,5/1/2014,386.96322630000003,403.68616
515,-93.0,40.5,5/1/2014,392.83572389999995,423.25333
516,-93.0,41.0,5/1/2014,363.7738647,423.0063
517,-93.0,41.5,5/1/2014,382.0144043,413.31833
518,-93.0,42.0,5/1/2014,375.5246277,451.02112
519,-93.0,42.5,5/1/2014,402.4597473,500.91266
520,-93.0,43.0,5/1/2014,440.8528137,475.20505
521,-93.0,43.5,5/1/2014,465.76937869999995,424.91595
522,-93.0,44.0,5/1/2014,443.9162903,406.2687
523,-93.0,44.5,5/1/2014,420.187439,416.28653
524,-93.0,45.0,5/1/2014,427.8504028,424.95618
525,-93.0,45.5,5/1/2014,475.5658569,444.29883
526,-93.0,46.0,5/1/2014,458.5938416,457.85135
527,-93.0,46.5,5/1/2014,470.1752319,473.40198
528,-93.0,47.0,5/1/2014,421.0275574,430.5023
529,-93.0,47.5,5/1/2014,389.63519289999994,428.66013
530,-93.0,48.0,5/1/2014,380.5385437,418.75595
531,-93.0,48.5,5/1/2014,332.8458252,357.07898
532,-93.0,49.0,5/1/2014,345.77844239999996,346.80792
533,-92.5,35.5,5/1/2014,522.9641113,500.70978
534,-92.5,36.0,5/1/2014,552.7593994,477.0368
535,-92.5,36.5,5/1/2014,512.3707275,466.66638
536,-92.5,37.0,5/1/2014,527.8673706000001,437.28018
537,-92.5,37.5,5/1/2014,460.8104858,436.26923
538,-92.5,38.0,5/1/2014,445.6662291999999,411.56754
539,-92.5,38.5,5/1/2014,435.61996460000006,394.02206
540,-92.5,39.0,5/1/2014,465.8670654,377.94525
541,-92.5,39.5,5/1/2014,426.7366943,390.41144
542,-92.5,40.0,5/1/2014,398.318634,402.4442
543,-92.5,40.5,5/1/2014,360.88046260000004,389.44272
544,-92.5,41.0,5/1/2014,380.3771057,412.16266
545,-92.5,41.5,5/1/2014,374.2331543,397.4794
546,-92.5,42.0,5/1/2014,372.1321716,434.52985
547,-92.5,42.5,5/1/2014,429.34826660000004,512.704
548,-92.5,43.0,5/1/2014,455.75595089999996,477.45978
549,-92.5,43.5,5/1/2014,453.22164919999994,424.3576
550,-92.5,44.0,5/1/2014,444.21453859999997,411.48016
551,-92.5,44.5,5/1/2014,396.7822266,393.98828
552,-92.5,45.0,5/1/2014,452.80895999999996,427.53146
553,-92.5,45.5,5/1/2014,452.70666500000004,441.807
554,-92.5,46.0,5/1/2014,459.3430176,447.4992
555,-92.5,46.5,5/1/2014,473.42538449999995,456.59628
556,-92.5,47.0,5/1/2014,463.37051389999993,464.0523
557,-92.5,47.5,5/1/2014,442.6543274,473.66174
558,-92.5,48.0,5/1/2014,376.7466125,428.26392
559,-92.5,48.5,5/1/2014,328.6134338,362.36816
560,-92.5,49.0,5/1/2014,354.2746582,364.3774
561,-92.0,35.5,5/1/2014,509.80773930000004,521.391
562,-92.0,36.0,5/1/2014,518.6160888999999,508.70047
563,-92.0,36.5,5/1/2014,497.1775513,431.06302
564,-92.0,37.0,5/1/2014,471.5838013,411.12115
565,-92.0,37.5,5/1/2014,493.4474487,394.1433
566,-92.0,38.0,5/1/2014,461.47250369999995,389.9866
567,-92.0,38.5,5/1/2014,438.4279480000001,359.4337
568,-92.0,39.0,5/1/2014,427.84686280000005,380.54718
569,-92.0,39.5,5/1/2014,471.21069339999997,426.3779
570,-92.0,40.0,5/1/2014,415.9627686,403.15158
571,-92.0,40.5,5/1/2014,395.624054,411.41394
572,-92.0,41.0,5/1/2014,369.5176086,414.26147
573,-92.0,41.5,5/1/2014,325.9713745,401.36017
574,-92.0,42.0,5/1/2014,356.74148560000003,430.4566
575,-92.0,42.5,5/1/2014,401.16394039999994,483.19424
576,-92.0,43.0,5/1/2014,408.5263672,466.42624
577,-92.0,43.5,5/1/2014,449.2261963,420.91928
578,-92.0,44.0,5/1/2014,441.45709230000006,397.6952
579,-92.0,44.5,5/1/2014,456.2346497,415.4627
580,-92.0,45.0,5/1/2014,468.0327148,423.68066
581,-92.0,45.5,5/1/2014,452.2819214,464.49887
582,-92.0,46.0,5/1/2014,462.0147705,464.79465
583,-92.0,46.5,5/1/2014,458.3251648,465.97226
584,-92.0,47.0,5/1/2014,490.77804569999995,485.4304
585,-92.0,47.5,5/1/2014,483.04965210000006,492.69
586,-92.0,48.0,5/1/2014,413.5263977,445.583
587,-92.0,48.5,5/1/2014,356.53182979999997,397.15723
588,-92.0,49.0,5/1/2014,338.72756960000004,382.15894
589,-91.5,35.5,5/1/2014,510.7171021000001,558.83716
590,-91.5,36.0,5/1/2014,552.4927368,537.2313
591,-91.5,36.5,5/1/2014,548.1723022000001,447.4513
592,-91.5,37.0,5/1/2014,564.5601807,442.77313
593,-91.5,37.5,5/1/2014,513.1292114,409.04712
594,-91.5,38.0,5/1/2014,466.55654910000004,379.4677
595,-91.5,38.5,5/1/2014,405.4624329,323.72675
596,-91.5,39.0,5/1/2014,418.1201172,356.29376
597,-91.5,39.5,5/1/2014,431.7259216,404.91614
598,-91.5,40.0,5/1/2014,397.36172489999996,405.44168
599,-91.5,40.5,5/1/2014,409.6201477,451.7737
600,-91.5,41.0,5/1/2014,405.1660767,468.8541
601,-91.5,41.5,5/1/2014,383.2772827,445.44812
602,-91.5,42.0,5/1/2014,400.4872742,440.87488
603,-91.5,42.5,5/1/2014,411.77014160000004,464.34204
604,-91.5,43.0,5/1/2014,412.31793210000006,439.403
605,-91.5,43.5,5/1/2014,484.4816284,410.43927
606,-91.5,44.0,5/1/2014,472.10827639999997,385.65372
607,-91.5,44.5,5/1/2014,448.9896851,401.88446
608,-91.5,45.0,5/1/2014,458.50305180000004,439.17188
609,-91.5,45.5,5/1/2014,468.45224,476.55606
610,-91.5,46.0,5/1/2014,497.3564148,477.9873
611,-91.5,46.5,5/1/2014,490.12060549999995,482.3335
612,-91.5,47.0,5/1/2014,517.3227539,488.28354
613,-91.5,47.5,5/1/2014,495.62115480000006,514.3129
614,-91.5,48.0,5/1/2014,407.0851135,441.93448
615,-91.5,48.5,5/1/2014,382.8397827,444.1857
616,-91.5,49.0,5/1/2014,362.1040039,421.72235
617,-91.0,35.5,5/1/2014,547.3771362000001,543.10455
618,-91.0,36.0,5/1/2014,554.5875854,527.7982
619,-91.0,36.5,5/1/2014,550.4664917,489.44687
620,-91.0,37.0,5/1/2014,570.7062988,463.46188
621,-91.0,37.5,5/1/2014,537.1726074,445.29694
622,-91.0,38.0,5/1/2014,475.3836365,396.33865
623,-91.0,38.5,5/1/2014,458.3301086,358.0765
624,-91.0,39.0,5/1/2014,418.2733459,335.21667
625,-91.0,39.5,5/1/2014,454.49517819999994,378.34143
626,-91.0,40.0,5/1/2014,433.74740599999996,410.70636
627,-91.0,40.5,5/1/2014,399.8895874,458.31085
628,-91.0,41.0,5/1/2014,408.5740967,460.46536
629,-91.0,41.5,5/1/2014,434.5043335,476.03192
630,-91.0,42.0,5/1/2014,364.4761353,416.16257
631,-91.0,42.5,5/1/2014,402.6513672,447.67136
632,-91.0,43.0,5/1/2014,403.25561519999997,406.42935
633,-91.0,43.5,5/1/2014,450.30935669999997,389.2049
634,-91.0,44.0,5/1/2014,474.18417360000007,403.22418
635,-91.0,44.5,5/1/2014,427.91653439999993,405.931
636,-91.0,45.0,5/1/2014,447.56454469999994,444.6369
637,-91.0,45.5,5/1/2014,468.04757689999997,473.24033
638,-91.0,46.0,5/1/2014,499.0005188,453.34885
639,-91.0,46.5,5/1/2014,504.75186160000004,460.4345
640,-91.0,47.0,5/1/2014,532.3920287999999,479.6999
641,-91.0,47.5,5/1/2014,479.6734619,543.04236
642,-91.0,48.0,5/1/2014,386.65628050000004,432.13812
643,-91.0,48.5,5/1/2014,356.78656010000003,427.43936
644,-91.0,49.0,5/1/2014,340.9862671,396.3956
645,-90.5,35.5,5/1/2014,548.8998412999999,519.2165
646,-90.5,36.0,5/1/2014,532.9796143,492.1065
647,-90.5,36.5,5/1/2014,534.8873291,483.99274
648,-90.5,37.0,5/1/2014,563.8779297,479.97827
649,-90.5,37.5,5/1/2014,543.4085083,478.97232
650,-90.5,38.0,5/1/2014,500.11364749999996,441.8109
651,-90.5,38.5,5/1/2014,470.6962891,385.32837
652,-90.5,39.0,5/1/2014,472.4622192,381.7465
653,-90.5,39.5,5/1/2014,490.4920654,416.34225
654,-90.5,40.0,5/1/2014,431.30111689999995,442.1918
655,-90.5,40.5,5/1/2014,326.6060486,461.83246
656,-90.5,41.0,5/1/2014,416.2491455,477.68567
657,-90.5,41.5,5/1/2014,429.62191770000004,487.32474
658,-90.5,42.0,5/1/2014,386.48773189999997,440.54666
659,-90.5,42.5,5/1/2014,410.1544189,441.31396
660,-90.5,43.0,5/1/2014,428.3735962,424.06296
661,-90.5,43.5,5/1/2014,477.0565796,423.59747
662,-90.5,44.0,5/1/2014,487.3277588,410.8492
663,-90.5,44.5,5/1/2014,462.930542,386.46875
664,-90.5,45.0,5/1/2014,459.3608704,430.94913
665,-90.5,45.5,5/1/2014,459.84930419999995,450.61783
666,-90.5,46.0,5/1/2014,455.15438839999996,436.06256
667,-90.5,46.5,5/1/2014,498.53613279999996,449.64886
668,-90.5,47.0,5/1/2014,525.5168457,496.12213
669,-90.5,48.0,5/1/2014,389.6936035,413.6797
670,-90.5,48.5,5/1/2014,304.7778625,388.03635
671,-90.5,49.0,5/1/2014,273.0143127,331.99268
672,-90.0,35.5,5/1/2014,540.4598999,532.541
673,-90.0,36.0,5/1/2014,509.12832639999993,464.61493
674,-90.0,36.5,5/1/2014,527.0722656,465.78934
675,-90.0,37.0,5/1/2014,529.7722168,480.88873
676,-90.0,37.5,5/1/2014,544.0795287999999,492.3812
677,-90.0,38.0,5/1/2014,566.4160767000001,469.53915
678,-90.0,38.5,5/1/2014,505.05145260000006,404.18985
679,-90.0,39.0,5/1/2014,467.6627808,397.97946
680,-90.0,39.5,5/1/2014,473.96560669999997,409.2413
681,-90.0,40.0,5/1/2014,443.6880798,445.09952
682,-90.0,40.5,5/1/2014,414.1282043,495.1679
683,-90.0,41.0,5/1/2014,413.17898560000003,504.28375
684,-90.0,41.5,5/1/2014,400.138855,512.73376
685,-90.0,42.0,5/1/2014,402.275177,493.98596
686,-90.0,42.5,5/1/2014,391.11337280000004,416.49652
687,-90.0,43.0,5/1/2014,422.8971252,410.97986
688,-90.0,43.5,5/1/2014,458.5898438,392.45184
689,-90.0,44.0,5/1/2014,454.15441889999994,367.86755
690,-90.0,44.5,5/1/2014,439.153595,365.72473
691,-90.0,45.0,5/1/2014,441.80090329999996,400.49216
692,-90.0,45.5,5/1/2014,458.7617188,418.09665
693,-90.0,46.0,5/1/2014,451.8853455,432.851
694,-90.0,46.5,5/1/2014,501.4928284,474.48135
695,-90.0,47.0,5/1/2014,494.1234131,469.82028
696,-90.0,48.0,5/1/2014,364.65319819999996,392.49777
697,-90.0,48.5,5/1/2014,189.3755646,307.4268
698,-90.0,49.0,5/1/2014,213.5787659,287.7063
699,-89.5,35.5,5/1/2014,537.076355,564.9225
700,-89.5,36.0,5/1/2014,532.996521,532.3207
701,-89.5,36.5,5/1/2014,527.8914795,438.15723
702,-89.5,37.0,5/1/2014,539.0838012999999,472.3402
703,-89.5,37.5,5/1/2014,560.3463135,503.635
704,-89.5,38.0,5/1/2014,558.8580933,455.17947
705,-89.5,38.5,5/1/2014,476.3044739,392.02792
706,-89.5,39.0,5/1/2014,513.6212768999999,415.78122
707,-89.5,39.5,5/1/2014,462.65948489999994,401.2717
708,-89.5,40.0,5/1/2014,453.4047852,457.56497
709,-89.5,40.5,5/1/2014,424.34875489999996,500.87488
710,-89.5,41.0,5/1/2014,421.1082458000001,508.78152
711,-89.5,41.5,5/1/2014,443.82415769999994,508.73322
712,-89.5,42.0,5/1/2014,432.8560181,478.33563
713,-89.5,42.5,5/1/2014,414.70272830000005,433.58942
714,-89.5,43.0,5/1/2014,440.67532350000005,410.7228
715,-89.5,43.5,5/1/2014,453.48181150000005,377.466
716,-89.5,44.0,5/1/2014,424.30920410000004,325.5056
717,-89.5,44.5,5/1/2014,437.5513306,355.5859
718,-89.5,45.0,5/1/2014,423.1799927,385.62558
719,-89.5,45.5,5/1/2014,470.0943909,412.61017
720,-89.5,46.0,5/1/2014,453.50271610000004,421.1338
721,-89.5,46.5,5/1/2014,456.03546140000003,420.3538
722,-89.5,47.0,5/1/2014,487.33102419999994,411.1834
723,-89.5,47.5,5/1/2014,543.7279053,504.21613
724,-89.5,48.0,5/1/2014,430.7504272,424.54486
725,-89.5,48.5,5/1/2014,189.0622253,288.73026
726,-89.5,49.0,5/1/2014,200.687851,293.86942
727,-89.0,35.5,5/1/2014,500.38644410000006,562.9476
728,-89.0,36.0,5/1/2014,546.4934082000001,583.42017
729,-89.0,36.5,5/1/2014,562.7731934,529.2735
730,-89.0,37.0,5/1/2014,551.1550903,483.89014
731,-89.0,37.5,5/1/2014,556.0904541,491.00873
732,-89.0,38.0,5/1/2014,570.2913208,473.90125
733,-89.0,38.5,5/1/2014,540.8392944,461.46835
734,-89.0,39.0,5/1/2014,544.4940186000001,432.50964
735,-89.0,39.5,5/1/2014,523.0480347,428.0868
736,-89.0,40.0,5/1/2014,467.574646,456.13184
737,-89.0,40.5,5/1/2014,436.63656619999995,461.57114
738,-89.0,41.0,5/1/2014,412.33486939999995,453.88098
739,-89.0,41.5,5/1/2014,412.11172489999996,482.77896
740,-89.0,42.0,5/1/2014,445.0765076,482.25424
741,-89.0,42.5,5/1/2014,436.7396851,460.7705
742,-89.0,43.0,5/1/2014,436.5778198,415.7071
743,-89.0,43.5,5/1/2014,429.19799800000004,378.6249
744,-89.0,44.0,5/1/2014,451.45498660000004,364.3539
745,-89.0,44.5,5/1/2014,451.95626830000003,371.59238
746,-89.0,45.0,5/1/2014,448.8604126,399.91174
747,-89.0,45.5,5/1/2014,461.19107060000005,414.7258
748,-89.0,46.0,5/1/2014,414.50106810000005,398.57544
749,-89.0,46.5,5/1/2014,443.3431702,390.92947
750,-89.0,47.0,5/1/2014,474.4781799,390.1638
751,-89.0,47.5,5/1/2014,554.9805298,435.7669
752,-89.0,48.5,5/1/2014,259.8541565,338.4936
753,-89.0,49.0,5/1/2014,218.633194,311.98938
754,-88.5,35.5,5/1/2014,551.6973877,563.2858
755,-88.5,36.0,5/1/2014,560.3656616000001,574.25995
756,-88.5,36.5,5/1/2014,535.6295166,529.14935
757,-88.5,37.0,5/1/2014,525.4598999,493.9097
758,-88.5,37.5,5/1/2014,552.4963989,496.36603
759,-88.5,38.0,5/1/2014,583.8778076,480.5783
760,-88.5,38.5,5/1/2014,582.9163208,477.80756
761,-88.5,39.0,5/1/2014,561.5272827,486.56555
762,-88.5,39.5,5/1/2014,530.6881714,449.06354
763,-88.5,40.0,5/1/2014,478.040741,455.39322
764,-88.5,40.5,5/1/2014,414.42031860000003,444.96814
765,-88.5,41.0,5/1/2014,432.1951294,433.8482
766,-88.5,41.5,5/1/2014,436.0517273,473.0976
767,-88.5,42.0,5/1/2014,460.8688965,494.55725
768,-88.5,42.5,5/1/2014,463.29248049999995,473.3482
769,-88.5,43.0,5/1/2014,447.50326540000003,439.5441
770,-88.5,43.5,5/1/2014,440.6168518,371.12076
771,-88.5,44.0,5/1/2014,446.5324706999999,359.12622
772,-88.5,44.5,5/1/2014,482.90991210000004,389.6761
773,-88.5,45.0,5/1/2014,456.54821780000003,424.93195
774,-88.5,45.5,5/1/2014,465.1228333000001,441.2571
775,-88.5,46.0,5/1/2014,407.3104858,404.72983
776,-88.5,46.5,5/1/2014,440.5464172,399.49002
777,-88.5,47.0,5/1/2014,464.8634949,426.2068
778,-88.5,47.5,5/1/2014,554.071106,445.21146
779,-88.5,49.0,5/1/2014,305.20855710000006,347.68854
780,-88.0,35.5,5/1/2014,555.5250854,544.3608
781,-88.0,36.0,5/1/2014,600.053772,567.3111
782,-88.0,36.5,5/1/2014,535.4625244,501.7515
783,-88.0,37.0,5/1/2014,503.01766969999994,466.69366
784,-88.0,37.5,5/1/2014,547.5506592,487.62152
785,-88.0,38.0,5/1/2014,552.652771,461.42316
786,-88.0,38.5,5/1/2014,593.5918579,468.53857
787,-88.0,39.0,5/1/2014,559.5537109,500.29398
788,-88.0,39.5,5/1/2014,529.1740112,469.09088
789,-88.0,40.0,5/1/2014,494.24203489999996,452.39914
790,-88.0,40.5,5/1/2014,465.3298035,469.88992
791,-88.0,41.0,5/1/2014,419.6073914,434.29926
792,-88.0,41.5,5/1/2014,400.79382319999996,444.60706
793,-88.0,42.0,5/1/2014,421.9474182,484.95685
794,-88.0,45.0,5/1/2014,438.5405579,421.68976
795,-88.0,45.5,5/1/2014,480.63626100000005,465.47565
796,-88.0,46.0,5/1/2014,478.774231,423.7001
797,-88.0,46.5,5/1/2014,461.1376648,396.67612
798,-88.0,47.0,5/1/2014,485.48486330000003,444.69287
799,-88.0,49.0,5/1/2014,429.7253113,423.29517
800,-87.5,35.5,5/1/2014,530.3375244,520.3491
801,-87.5,36.0,5/1/2014,570.0157471,534.5375
802,-87.5,36.5,5/1/2014,522.6013184,470.72714
803,-87.5,37.0,5/1/2014,534.7199097,470.40955
804,-87.5,37.5,5/1/2014,577.0968627999999,501.27002
805,-87.5,38.0,5/1/2014,593.0477905,498.05524
806,-87.5,38.5,5/1/2014,604.7667236000001,501.3091
807,-87.5,39.0,5/1/2014,594.9555664,513.40454
808,-87.5,39.5,5/1/2014,547.9141235000001,490.84018
809,-87.5,40.0,5/1/2014,514.3717651000001,468.55835
810,-87.5,40.5,5/1/2014,524.3692017,474.57382
811,-87.5,41.0,5/1/2014,425.37228389999996,432.3431
812,-87.5,41.5,5/1/2014,443.36386110000007,504.5781
813,-87.5,42.0,5/1/2014,475.9314575,529.1725
814,-87.5,42.5,5/1/2014,456.3808289,563.7072
815,-87.5,44.0,5/1/2014,487.429657,504.48795
816,-87.5,45.5,5/1/2014,494.3112488,469.3647
817,-87.5,46.0,5/1/2014,475.2576294,394.09406
818,-87.5,46.5,5/1/2014,513.769043,415.96445
819,-87.5,47.0,5/1/2014,524.5418701,510.81076
820,-87.5,49.0,5/1/2014,462.6957092,441.73804
821,-87.0,35.5,5/1/2014,532.6194458000001,534.35297
822,-87.0,36.0,5/1/2014,542.9899292,521.5117
823,-87.0,36.5,5/1/2014,552.1438598999999,470.04318
824,-87.0,37.0,5/1/2014,576.602417,478.23557
825,-87.0,37.5,5/1/2014,605.9667357999999,515.1322
826,-87.0,38.0,5/1/2014,593.2202758999999,492.33493
827,-87.0,38.5,5/1/2014,587.4050292999999,479.6044
828,-87.0,39.0,5/1/2014,569.4155272999999,476.22714
829,-87.0,39.5,5/1/2014,532.7624512,460.10406
830,-87.0,40.0,5/1/2014,532.5827637,467.13818
831,-87.0,40.5,5/1/2014,525.1615601,475.61786
832,-87.0,41.0,5/1/2014,471.9067688,457.13412
833,-87.0,41.5,5/1/2014,470.4224853999999,512.54626
834,-87.0,42.0,5/1/2014,476.539856,485.61194
835,-87.0,42.5,5/1/2014,461.9925537,544.53595
836,-87.0,43.0,5/1/2014,484.45571900000004,534.80615
837,-87.0,43.5,5/1/2014,512.9814453,487.08865
838,-87.0,44.0,5/1/2014,503.18249510000004,449.04834
839,-87.0,44.5,5/1/2014,477.8451233,463.87994
840,-87.0,45.0,5/1/2014,531.0837402,516.07227
841,-87.0,45.5,5/1/2014,514.1798706000001,523.7117
842,-87.0,46.0,5/1/2014,461.8351746,380.25525
843,-87.0,46.5,5/1/2014,506.579071,402.33032
844,-87.0,47.0,5/1/2014,538.6766357000001,484.61792
845,-87.0,48.5,5/1/2014,453.3901672,408.9325
846,-87.0,49.0,5/1/2014,466.83102419999994,427.133
847,-86.5,35.5,5/1/2014,541.2028197999999,530.9317
848,-86.5,36.0,5/1/2014,545.9171752999999,513.3239
849,-86.5,36.5,5/1/2014,555.2179565,496.4856
850,-86.5,37.0,5/1/2014,578.7214966,512.25635
851,-86.5,37.5,5/1/2014,585.5594482000001,517.1719
852,-86.5,38.0,5/1/2014,555.4108887,480.23773
853,-86.5,38.5,5/1/2014,561.7662353999999,477.60406
854,-86.5,39.0,5/1/2014,545.2010498,480.8243
855,-86.5,39.5,5/1/2014,523.4008789,458.10306
856,-86.5,40.0,5/1/2014,539.9002686000001,463.6249
857,-86.5,40.5,5/1/2014,508.0617065,489.0167
858,-86.5,41.0,5/1/2014,452.22970580000003,482.58224
859,-86.5,41.5,5/1/2014,473.59527589999993,503.3488
860,-86.5,42.0,5/1/2014,455.4291077,447.50504
861,-86.5,42.5,5/1/2014,487.6015015,490.5503
862,-86.5,43.0,5/1/2014,482.0227661,458.87842
863,-86.5,43.5,5/1/2014,501.2242432,399.38217
864,-86.5,44.0,5/1/2014,511.12741090000003,372.75986
865,-86.5,44.5,5/1/2014,524.9369507,388.99
866,-86.5,45.0,5/1/2014,520.4786987,426.81024
867,-86.5,45.5,5/1/2014,533.2699585,532.8734
868,-86.5,46.0,5/1/2014,486.33273319999995,413.1612
869,-86.5,46.5,5/1/2014,513.0966797,428.63138
870,-86.5,47.0,5/1/2014,554.5542602999999,441.1127
871,-86.5,48.0,5/1/2014,383.0480347,323.64124
872,-86.5,48.5,5/1/2014,417.6662903,339.3227
873,-86.5,49.0,5/1/2014,446.6065369,398.84482
874,-86.0,35.5,5/1/2014,517.4451293999999,554.87805
875,-86.0,36.0,5/1/2014,558.565918,542.35925
876,-86.0,36.5,5/1/2014,578.3587646000001,536.03326
877,-86.0,37.0,5/1/2014,556.6419678,518.3123
878,-86.0,37.5,5/1/2014,582.4677124,519.53125
879,-86.0,38.0,5/1/2014,564.9420166,485.78293
880,-86.0,38.5,5/1/2014,580.975708,496.80597
881,-86.0,39.0,5/1/2014,564.888916,488.5961
882,-86.0,39.5,5/1/2014,511.1185913,471.49298
883,-86.0,40.0,5/1/2014,522.6272583000001,471.4596
884,-86.0,40.5,5/1/2014,511.7961121,502.42264
885,-86.0,41.0,5/1/2014,455.64572139999996,493.74213
886,-86.0,41.5,5/1/2014,480.40344239999996,474.49893
887,-86.0,42.0,5/1/2014,452.7488708000001,441.6724
888,-86.0,42.5,5/1/2014,416.9253845,436.68436
889,-86.0,43.0,5/1/2014,458.20578,465.42212
890,-86.0,43.5,5/1/2014,451.60565189999994,431.4356
891,-86.0,44.0,5/1/2014,510.0157166,426.68967
892,-86.0,44.5,5/1/2014,507.048645,424.5793
893,-86.0,45.0,5/1/2014,508.53771969999997,435.50583
894,-86.0,45.5,5/1/2014,523.6964722,506.36987
895,-86.0,46.0,5/1/2014,527.5353393999999,471.75058
896,-86.0,46.5,5/1/2014,539.3225097999999,463.49924
897,-86.0,47.0,5/1/2014,557.4674072,474.6848
898,-86.0,48.0,5/1/2014,373.8328247,338.58835
899,-86.0,48.5,5/1/2014,365.67129520000003,330.6946
900,-86.0,49.0,5/1/2014,414.0473938,402.47296
901,-85.5,35.5,5/1/2014,540.1849976,574.02594
902,-85.5,36.0,5/1/2014,533.9593506,524.58813
903,-85.5,36.5,5/1/2014,564.4134521000001,513.834
904,-85.5,37.0,5/1/2014,566.729126,523.8569
905,-85.5,37.5,5/1/2014,571.0512085,526.6006
906,-85.5,38.0,5/1/2014,568.9465332000001,513.09143
907,-85.5,38.5,5/1/2014,566.6186522999999,484.8048
908,-85.5,39.0,5/1/2014,534.3737793,486.6018
909,-85.5,39.5,5/1/2014,517.4649658,480.75607
910,-85.5,40.0,5/1/2014,480.97167970000004,467.4909
911,-85.5,40.5,5/1/2014,489.31506349999995,473.80246
912,-85.5,41.0,5/1/2014,426.6965027,450.62518
913,-85.5,41.5,5/1/2014,465.7079773,464.96124
914,-85.5,42.0,5/1/2014,462.26376339999996,497.36346
915,-85.5,42.5,5/1/2014,422.85729979999996,480.51578
916,-85.5,43.0,5/1/2014,428.7687988,479.53357
917,-85.5,43.5,5/1/2014,425.34136960000006,429.69162
918,-85.5,44.0,5/1/2014,480.3355713,447.0546
919,-85.5,44.5,5/1/2014,476.9713745,436.07343
920,-85.5,45.0,5/1/2014,511.3971863,438.0618
921,-85.5,45.5,5/1/2014,509.8837585,433.0758
922,-85.5,46.0,5/1/2014,504.00271610000004,478.68945
923,-85.5,46.5,5/1/2014,531.0678711,454.69296
924,-85.5,47.0,5/1/2014,550.2210083,477.47388
925,-85.5,47.5,5/1/2014,484.57260130000003,446.4717
926,-85.5,48.0,5/1/2014,339.467804,363.03998
927,-85.5,48.5,5/1/2014,338.6066895,350.31805
928,-85.5,49.0,5/1/2014,393.76928710000004,405.9009
929,-85.0,35.5,5/1/2014,560.1134033,591.7739
930,-85.0,36.0,5/1/2014,520.3823242,549.82556
931,-85.0,36.5,5/1/2014,545.7640381,511.0921
932,-85.0,37.0,5/1/2014,546.0335693,515.43005
933,-85.0,37.5,5/1/2014,546.5921631,521.151
934,-85.0,38.0,5/1/2014,543.0457153,494.91473
935,-85.0,38.5,5/1/2014,535.3568115,489.71002
936,-85.0,39.0,5/1/2014,511.4083862,458.1601
937,-85.0,39.5,5/1/2014,518.8997803,486.36853
938,-85.0,40.0,5/1/2014,494.0007324,468.43594
939,-85.0,40.5,5/1/2014,470.019104,464.9392
940,-85.0,41.0,5/1/2014,477.7670288,470.7283
941,-85.0,41.5,5/1/2014,436.13632199999995,438.0299
942,-85.0,42.0,5/1/2014,388.4023743,461.67084
943,-85.0,42.5,5/1/2014,428.64355470000004,504.8152
944,-85.0,43.0,5/1/2014,436.92608640000003,469.47238
945,-85.0,43.5,5/1/2014,439.5543213,444.85355
946,-85.0,44.0,5/1/2014,456.63735959999997,429.55194
947,-85.0,44.5,5/1/2014,485.764801,424.1955
948,-85.0,45.0,5/1/2014,488.80072019999994,426.73114
949,-85.0,45.5,5/1/2014,491.0394592,444.09067
950,-85.0,46.0,5/1/2014,486.56506349999995,449.3573
951,-85.0,46.5,5/1/2014,509.42501830000003,452.33206
952,-85.0,47.0,5/1/2014,534.9838257,466.8716
953,-85.0,47.5,5/1/2014,482.41845700000005,433.64206
954,-85.0,48.0,5/1/2014,372.8217773,374.04706
955,-85.0,48.5,5/1/2014,362.150177,396.829
956,-85.0,49.0,5/1/2014,397.11618039999996,407.64346
957,-84.5,35.5,5/1/2014,562.7250977000001,608.7178
958,-84.5,36.0,5/1/2014,514.6574707,553.4564
959,-84.5,36.5,5/1/2014,494.72283939999994,530.8668
960,-84.5,37.0,5/1/2014,526.1364746,536.1468
961,-84.5,37.5,5/1/2014,540.4645996,518.35583
962,-84.5,38.0,5/1/2014,550.3449097,513.45233
963,-84.5,38.5,5/1/2014,527.6126709,503.5067
964,-84.5,39.0,5/1/2014,513.925354,460.59784
965,-84.5,39.5,5/1/2014,520.8562012,497.1654
966,-84.5,40.0,5/1/2014,489.0453796,462.76367
967,-84.5,40.5,5/1/2014,496.59921260000004,466.74887
968,-84.5,41.0,5/1/2014,469.57412719999996,486.08643
969,-84.5,41.5,5/1/2014,466.37719730000003,436.6371
970,-84.5,42.0,5/1/2014,444.70083619999997,446.13416
971,-84.5,42.5,5/1/2014,451.0545959,468.9862
972,-84.5,43.0,5/1/2014,458.6268005,458.43253
973,-84.5,43.5,5/1/2014,449.2475586,437.65134
974,-84.5,44.0,5/1/2014,465.9899597,436.98944
975,-84.5,44.5,5/1/2014,480.0087585,426.74808
976,-84.5,45.0,5/1/2014,455.0144043000001,408.20383
977,-84.5,45.5,5/1/2014,449.8431702,429.32617
978,-84.5,46.0,5/1/2014,490.40206910000006,514.28455
979,-84.5,46.5,5/1/2014,504.30850219999996,473.66638
980,-84.5,47.0,5/1/2014,524.6077271,462.5885
981,-84.5,47.5,5/1/2014,472.67868039999996,452.8039
982,-84.5,48.0,5/1/2014,417.45541380000003,415.3233
983,-84.5,48.5,5/1/2014,403.083252,423.62045
984,-84.5,49.0,5/1/2014,417.55212400000005,423.6676
985,-84.0,35.5,5/1/2014,597.0437012,612.7132
986,-84.0,36.0,5/1/2014,538.5369873,580.76465
987,-84.0,36.5,5/1/2014,476.83990480000006,536.78937
988,-84.0,37.0,5/1/2014,495.5863342,530.2653
989,-84.0,37.5,5/1/2014,530.8682861000001,509.75592
990,-84.0,38.0,5/1/2014,541.8706055,529.99677
991,-84.0,38.5,5/1/2014,509.90319819999996,501.93408
992,-84.0,39.0,5/1/2014,480.53546140000003,478.19073
993,-84.0,39.5,5/1/2014,487.2014771000001,478.8643
994,-84.0,40.0,5/1/2014,434.8061523,443.65775
995,-84.0,40.5,5/1/2014,460.43463130000004,420.56857
996,-84.0,41.0,5/1/2014,467.1710205,466.87567
997,-84.0,41.5,5/1/2014,476.4537964,450.63458
998,-84.0,42.0,5/1/2014,438.4116211,426.50897
999,-84.0,42.5,5/1/2014,430.0472107,447.46085
1000,-84.0,43.0,5/1/2014,429.0494995,438.50546
1001,-84.0,43.5,5/1/2014,462.40386960000006,444.78336
1002,-84.0,44.0,5/1/2014,480.1064148,447.6196
1003,-84.0,44.5,5/1/2014,464.51803590000003,440.2092
1004,-84.0,45.0,5/1/2014,449.31073,402.54388
1005,-84.0,45.5,5/1/2014,440.7627869,399.41397
1006,-84.0,46.0,5/1/2014,447.204895,487.01953
1007,-84.0,46.5,5/1/2014,470.65313719999995,464.8163
1008,-84.0,47.0,5/1/2014,499.34759519999994,479.87256
1009,-84.0,47.5,5/1/2014,457.95532230000003,459.61456
1010,-84.0,48.0,5/1/2014,428.7276916999999,447.39368
1011,-84.0,48.5,5/1/2014,426.2908325,447.19458
1012,-84.0,49.0,5/1/2014,441.3991699,443.87152
1013,-83.5,35.5,5/1/2014,592.8027954,602.2207
1014,-83.5,36.0,5/1/2014,503.5377808,570.8745
1015,-83.5,36.5,5/1/2014,469.0323181,550.8041
1016,-83.5,37.0,5/1/2014,466.9073791999999,532.6537
1017,-83.5,37.5,5/1/2014,479.86965939999993,502.35886
1018,-83.5,38.0,5/1/2014,475.2670288,465.3775
1019,-83.5,38.5,5/1/2014,511.67391969999994,483.5359
1020,-83.5,39.0,5/1/2014,458.5982056,472.11652
1021,-83.5,39.5,5/1/2014,501.01611330000003,506.57718
1022,-83.5,40.0,5/1/2014,484.70666500000004,476.7635
1023,-83.5,40.5,5/1/2014,503.98822019999994,456.32968
1024,-83.5,41.0,5/1/2014,533.9127808000001,470.10852
1025,-83.5,41.5,5/1/2014,517.2188721,434.63373
1026,-83.5,42.0,5/1/2014,452.8036499,430.1862
1027,-83.5,42.5,5/1/2014,342.15664669999995,385.90982
1028,-83.5,43.0,5/1/2014,431.77392580000003,417.89145
1029,-83.5,43.5,5/1/2014,433.3761597,449.5466
1030,-83.5,44.0,5/1/2014,455.0161438,469.93555
1031,-83.5,46.0,5/1/2014,404.13000489999996,354.24738
1032,-83.5,46.5,5/1/2014,424.9653931,424.92212
1033,-83.5,47.0,5/1/2014,450.55334469999997,456.7817
1034,-83.5,47.5,5/1/2014,442.9118347,463.08472
1035,-83.5,48.0,5/1/2014,428.13476560000004,450.46536
1036,-83.5,48.5,5/1/2014,437.54788210000004,454.0494
1037,-83.5,49.0,5/1/2014,457.9124146000001,456.38565
1038,-83.0,35.5,5/1/2014,564.3482666,569.59106
1039,-83.0,36.0,5/1/2014,544.1870727999999,613.42896
1040,-83.0,36.5,5/1/2014,498.03497310000006,579.79456
1041,-83.0,37.0,5/1/2014,453.5533142,532.2338
1042,-83.0,37.5,5/1/2014,463.75439450000005,507.22446
1043,-83.0,38.0,5/1/2014,481.9279785,484.81552
1044,-83.0,38.5,5/1/2014,495.36007689999997,482.4721
1045,-83.0,39.0,5/1/2014,461.5856018,486.904
1046,-83.0,39.5,5/1/2014,478.19061280000005,478.3279
1047,-83.0,40.0,5/1/2014,489.19876100000005,458.93893
1048,-83.0,40.5,5/1/2014,496.4358215,453.5715
1049,-83.0,41.0,5/1/2014,511.39953610000003,475.17468
1050,-83.0,41.5,5/1/2014,501.18640139999997,421.53427
1051,-83.0,42.5,5/1/2014,273.7883911,311.91052
1052,-83.0,43.0,5/1/2014,452.5316162,421.037
1053,-83.0,43.5,5/1/2014,482.9526672,466.00586
1054,-83.0,46.0,5/1/2014,309.4242859,280.0625
1055,-83.0,46.5,5/1/2014,373.7143555,393.89856
1056,-83.0,47.0,5/1/2014,427.8202515,437.42938
1057,-83.0,47.5,5/1/2014,442.1823425,464.23483
1058,-83.0,48.0,5/1/2014,424.42700199999996,444.9393
1059,-83.0,48.5,5/1/2014,431.6127319,450.61475
1060,-83.0,49.0,5/1/2014,459.7643127,454.1364
1061,-82.5,35.5,5/1/2014,525.8936768,550.5305
1062,-82.5,36.0,5/1/2014,525.9276123,557.0919
1063,-82.5,36.5,5/1/2014,536.2838135,588.24054
1064,-82.5,37.0,5/1/2014,493.91949460000006,551.8899
1065,-82.5,37.5,5/1/2014,477.4474791999999,516.8626
1066,-82.5,38.0,5/1/2014,487.80874630000005,507.17657
1067,-82.5,38.5,5/1/2014,486.0392761,456.34537
1068,-82.5,39.0,5/1/2014,463.420929,451.85666
1069,-82.5,39.5,5/1/2014,472.4114075,473.83414
1070,-82.5,40.0,5/1/2014,497.71420290000003,465.0753
1071,-82.5,40.5,5/1/2014,472.85171510000004,435.18042
1072,-82.5,41.0,5/1/2014,493.305481,428.0193
1073,-82.5,41.5,5/1/2014,493.7965393,429.47903
1074,-82.5,42.0,5/1/2014,452.2805176,455.865
1075,-82.5,42.5,5/1/2014,398.164917,347.60608
1076,-82.5,43.0,5/1/2014,488.4509888,399.29437
1077,-82.5,43.5,5/1/2014,489.9613953,445.26062
1078,-82.5,44.0,5/1/2014,457.788208,535.96344
1079,-82.5,44.5,5/1/2014,442.0937805,517.067
1080,-82.5,45.5,5/1/2014,152.31518549999998,291.12387
1081,-82.5,46.0,5/1/2014,165.860733,221.97667
1082,-82.5,46.5,5/1/2014,326.9718628,362.6013
1083,-82.5,47.0,5/1/2014,446.7901001,446.0104
1084,-82.5,47.5,5/1/2014,445.23507689999997,473.71524
1085,-82.5,48.0,5/1/2014,370.00531010000003,440.1606
1086,-82.5,48.5,5/1/2014,380.5251465,426.51672
1087,-82.5,49.0,5/1/2014,438.12857060000005,422.438
1088,-82.0,35.5,5/1/2014,532.6320801,516.3024
1089,-82.0,36.0,5/1/2014,524.5805664,524.92444
1090,-82.0,36.5,5/1/2014,530.1425171,570.1278
1091,-82.0,37.0,5/1/2014,517.3355713000001,576.5995
1092,-82.0,37.5,5/1/2014,459.62792970000004,544.61255
1093,-82.0,38.0,5/1/2014,490.89544680000006,528.4084
1094,-82.0,38.5,5/1/2014,479.36196900000004,475.81955
1095,-82.0,39.0,5/1/2014,490.39892580000003,471.27704
1096,-82.0,39.5,5/1/2014,489.8975525,463.76447
1097,-82.0,40.0,5/1/2014,499.73242189999996,459.99457
1098,-82.0,40.5,5/1/2014,499.6267394999999,430.77246
1099,-82.0,41.0,5/1/2014,489.8978577,444.6095
1100,-82.0,41.5,5/1/2014,501.3033142,466.85147
1101,-82.0,42.0,5/1/2014,490.7745666999999,519.8048
1102,-82.0,43.0,5/1/2014,398.11791989999995,326.78445
1103,-82.0,43.5,5/1/2014,441.9733887,415.96155
1104,-82.0,44.0,5/1/2014,475.9131775,446.47818
1105,-82.0,44.5,5/1/2014,479.3901062,436.40546
1106,-82.0,45.0,5/1/2014,449.6309204,446.03128
1107,-82.0,45.5,5/1/2014,290.57791139999995,266.4712
1108,-82.0,46.0,5/1/2014,190.4757385,232.72482
1109,-82.0,46.5,5/1/2014,351.76620479999997,342.66022
1110,-82.0,47.0,5/1/2014,463.4680786,458.34296
1111,-82.0,47.5,5/1/2014,386.4387207,453.84888
1112,-82.0,48.0,5/1/2014,276.3403015,403.61923
1113,-82.0,48.5,5/1/2014,292.0978088,383.41678
1114,-82.0,49.0,5/1/2014,390.3354187,407.5966
1115,-81.5,35.5,5/1/2014,543.5991821,488.7433
1116,-81.5,36.0,5/1/2014,537.9424437999999,508.8496
1117,-81.5,36.5,5/1/2014,521.3052368,517.0631
1118,-81.5,37.0,5/1/2014,513.9852295,562.1835
1119,-81.5,37.5,5/1/2014,465.37811280000005,553.6658
1120,-81.5,38.0,5/1/2014,484.62966919999997,555.0032
1121,-81.5,38.5,5/1/2014,498.21163939999997,526.3188
1122,-81.5,39.0,5/1/2014,492.86227419999994,486.50867
1123,-81.5,39.5,5/1/2014,474.20031739999996,476.18744
1124,-81.5,40.0,5/1/2014,491.3421021000001,439.25146
1125,-81.5,40.5,5/1/2014,458.7392273,414.6297
1126,-81.5,41.0,5/1/2014,469.4622192,446.7825
1127,-81.5,41.5,5/1/2014,484.1013794,477.1486
1128,-81.5,42.0,5/1/2014,491.80578610000003,460.79935
1129,-81.5,43.0,5/1/2014,308.62493900000004,380.7228
1130,-81.5,43.5,5/1/2014,400.7932739,488.16068
1131,-81.5,44.0,5/1/2014,487.07998660000004,441.68576
1132,-81.5,44.5,5/1/2014,490.6645813,404.9547
1133,-81.5,45.0,5/1/2014,485.72283939999994,424.75656
1134,-81.5,46.0,5/1/2014,216.52180479999998,275.01822
1135,-81.5,46.5,5/1/2014,391.4239502,369.9437
1136,-81.5,47.0,5/1/2014,481.68530269999997,480.55576
1137,-81.5,47.5,5/1/2014,331.77038569999996,442.16162
1138,-81.5,48.0,5/1/2014,203.14241030000002,381.55914
1139,-81.5,48.5,5/1/2014,254.68214419999998,376.16406
1140,-81.5,49.0,5/1/2014,343.2026978,417.30026
1141,-81.0,35.5,5/1/2014,539.1461182,464.82248
1142,-81.0,36.0,5/1/2014,529.5737305,489.31424
1143,-81.0,36.5,5/1/2014,511.2972717,469.28003
1144,-81.0,37.0,5/1/2014,520.9776611000001,514.4904
1145,-81.0,37.5,5/1/2014,487.76342769999997,548.4469
1146,-81.0,38.0,5/1/2014,488.34133909999997,537.2604
1147,-81.0,38.5,5/1/2014,535.0840454,541.09375
1148,-81.0,39.0,5/1/2014,522.8425903,514.87787
1149,-81.0,39.5,5/1/2014,480.00561519999997,481.47797
1150,-81.0,40.0,5/1/2014,447.7202454,467.77783
1151,-81.0,40.5,5/1/2014,453.2727661,413.46634
1152,-81.0,41.0,5/1/2014,450.43615719999997,452.46646
1153,-81.0,41.5,5/1/2014,459.4343262,476.12073
1154,-81.0,42.0,5/1/2014,509.9503784,477.0197
1155,-81.0,42.5,5/1/2014,480.3686829,517.98267
1156,-81.0,43.0,5/1/2014,306.58050539999994,385.76312
1157,-81.0,43.5,5/1/2014,430.3060913,478.37628
1158,-81.0,44.0,5/1/2014,452.90188600000005,398.37854
1159,-81.0,44.5,5/1/2014,438.2493591,349.29938
1160,-81.0,45.0,5/1/2014,343.49618530000004,336.7948
1161,-81.0,45.5,5/1/2014,234.69375609999997,308.5427
1162,-81.0,46.0,5/1/2014,224.87567140000002,228.6015
1163,-81.0,46.5,5/1/2014,371.39648439999996,378.54852
1164,-81.0,47.0,5/1/2014,426.18209840000003,464.6626
1165,-81.0,47.5,5/1/2014,261.3080139,420.62732
1166,-81.0,48.0,5/1/2014,128.68045039999998,360.99432
1167,-81.0,48.5,5/1/2014,243.7033691,390.27194
1168,-81.0,49.0,5/1/2014,321.72595210000003,422.14005
1169,-80.5,35.5,5/1/2014,509.1336975,432.58203
1170,-80.5,36.0,5/1/2014,507.9115295,463.34073
1171,-80.5,36.5,5/1/2014,507.70025630000004,427.3521
1172,-80.5,37.0,5/1/2014,510.02160639999994,454.68817
1173,-80.5,37.5,5/1/2014,488.0149536,482.50473
1174,-80.5,38.0,5/1/2014,512.9180908,525.8698
1175,-80.5,38.5,5/1/2014,515.4380493,548.7007
1176,-80.5,39.0,5/1/2014,488.57522580000006,518.28015
1177,-80.5,39.5,5/1/2014,504.74591060000006,496.1712
1178,-80.5,40.0,5/1/2014,456.7799377,468.2236
1179,-80.5,40.5,5/1/2014,484.7363892,444.6916
1180,-80.5,41.0,5/1/2014,459.20910639999994,460.65387
1181,-80.5,41.5,5/1/2014,473.6003113,471.65402
1182,-80.5,42.0,5/1/2014,505.84350589999997,501.9388
1183,-80.5,42.5,5/1/2014,527.5945435,467.12527
1184,-80.5,43.0,5/1/2014,457.3918762,359.1638
1185,-80.5,43.5,5/1/2014,466.60803219999997,359.75476
1186,-80.5,44.0,5/1/2014,449.21362300000004,363.14658
1187,-80.5,44.5,5/1/2014,413.8029175,339.3533
1188,-80.5,45.0,5/1/2014,210.77133179999998,259.59137
1189,-80.5,45.5,5/1/2014,109.98777009999999,156.25316
1190,-80.5,46.0,5/1/2014,240.7429962,250.32426
1191,-80.5,46.5,5/1/2014,348.479187,367.8498
1192,-80.5,47.0,5/1/2014,397.0252686,449.12024
1193,-80.5,47.5,5/1/2014,231.0981445,401.61316
1194,-80.5,48.0,5/1/2014,94.84038544,343.48615
1195,-80.5,48.5,5/1/2014,287.1586914,408.45642
1196,-80.5,49.0,5/1/2014,315.6923523,404.9693
1197,-80.0,35.5,5/1/2014,501.09140010000004,441.3923
1198,-80.0,36.0,5/1/2014,528.3648682,456.44586
1199,-80.0,36.5,5/1/2014,537.6226196,440.21274
1200,-80.0,37.0,5/1/2014,525.9486694,458.51956
1201,-80.0,37.5,5/1/2014,543.284668,442.09872
1202,-80.0,38.0,5/1/2014,539.3277588,478.01218
1203,-80.0,38.5,5/1/2014,528.0106812,508.3138
1204,-80.0,39.0,5/1/2014,462.95446780000003,484.505
1205,-80.0,39.5,5/1/2014,504.45025630000004,513.2368
1206,-80.0,40.0,5/1/2014,517.0820313,492.53885
1207,-80.0,40.5,5/1/2014,503.6166687,468.82684
1208,-80.0,41.0,5/1/2014,454.00985719999994,455.78076
1209,-80.0,41.5,5/1/2014,480.76251219999995,488.64777
1210,-80.0,42.0,5/1/2014,485.78359989999996,521.8905
1211,-80.0,42.5,5/1/2014,530.3118896000001,529.8246
1212,-80.0,43.0,5/1/2014,504.01019289999994,401.9096
1213,-80.0,43.5,5/1/2014,442.133606,301.11182
1214,-80.0,44.0,5/1/2014,403.1247253,331.95084
1215,-80.0,44.5,5/1/2014,329.1954041,304.8805
1216,-80.0,45.0,5/1/2014,91.34387207,235.45842
1217,-80.0,45.5,5/1/2014,50.61222839,223.57027
1218,-80.0,46.0,5/1/2014,253.77851869999998,304.88733
1219,-80.0,46.5,5/1/2014,411.4673462,415.6223
1220,-80.0,47.0,5/1/2014,420.28555300000005,458.49597
1221,-80.0,47.5,5/1/2014,295.67202760000004,430.5728
1222,-80.0,48.0,5/1/2014,273.09927369999997,408.37036
1223,-80.0,48.5,5/1/2014,424.2123718,463.74725
1224,-80.0,49.0,5/1/2014,335.0740662,414.76678
